SAMPLE_NUMBER,Assay Date,Compartment Temp,Reagent-A ID,Reagent-A ID Exp Date,Reagent-B Exp Date,Reagent-B ID,Material-A ID,Reagent-C Lot,Reagent-D Lot,Reagent-E Lot,Reagent-F Concentration,Reagent-F Expiration,Reagent-F Lot,SOP Version,Agg%,INSTRUMENT,Main%,Lab_Site,Chemist
120629,01/28/2011,4.300000000000001,ReagentA-1-32,04/25/2011,,,MaterialA-1-554,,,ReagentE-1-394,,01/31/2012,ReagentF-1-779,5.6,5.9058,30.0,88.62140000000001,Stat,ChemistO
126733,02/15/2011,4.300000000000001,ReagentA-2-654,05/12/2011,02/23/2011,ReagentB-2-867,MaterialA-2-47,,,ReagentE-1-394,,01/31/2012,ReagentF-1-779,5.6,6.099600000000001,84.0,88.35679999999999,Park,ChemistV
134380,03/04/2011,4.6000000000000005,ReagentA-1-32,04/25/2011,,,MaterialA-3-451,,,ReagentE-2-800,,01/31/2012,ReagentF-1-779,5.6,5.92722,37.0,88.49498,Stat,ChemistO
140369,03/23/2011,4.300000000000001,ReagentA-3-383,06/14/2011,03/30/2011,ReagentB-3-584,MaterialA-2-47,,,ReagentE-1-394,,01/31/2012,ReagentF-1-779,5.6,6.058800000000001,53.0,88.39796,Park,ChemistV
142003,,,,,,,,,,,,,,,,,,,
142895,03/30/2011,,ReagentA-1-32,04/25/2011,,,MaterialA-5-420,,,ReagentE-2-800,,01/31/2012,ReagentF-1-779,5.6,5.78697,33.0,88.72528,Stat,ChemistO
150741,04/19/2011,4.300000000000001,ReagentA-5-981,07/15/2011,,,MaterialA-3-451,,,ReagentE-2-800,,01/31/2012,ReagentF-1-779,6.6,,33.0,,Stat,ChemistO
150958,04/20/2011,4.300000000000001,ReagentA-5-981,07/15/2011,,,MaterialA-3-451,,,ReagentE-2-800,,01/31/2012,ReagentF-1-779,6.6,5.26014,33.0,89.00556,Stat,ChemistO
158404,05/09/2011,4.6000000000000005,ReagentA-6-244,08/03/2011,,,MaterialA-5-420,,,ReagentE-2-800,,01/31/2012,ReagentF-1-779,6.6,5.71149,33.0,88.7292,Stat,ChemistO
166625,05/27/2011,4.300000000000001,ReagentA-6-244,08/03/2011,,,MaterialA-6-778,,,ReagentE-2-800,,01/31/2012,ReagentF-1-779,6.6,,30.0,,Stat,ChemistO
171505,06/08/2011,4.300000000000001,ReagentA-6-244,08/03/2011,,,MaterialA-5-420,,,ReagentE-2-800,,01/31/2012,ReagentF-1-779,6.6,5.924670000000001,41.0,88.57142,Stat,ChemistO
172363,,,,,,,,,,,,,,,,,,,
172367,,,,,,,,,,,,,,,,,,,
172370,,,,,,,,,,,,,,,,,,,
172373,,,,,,,,,,,,,,,,,,,
172383,06/15/2011,4.300000000000001,ReagentA-7-462,09/13/2011,06/27/2011,ReagentB-4-292,MaterialA-7-511,,,ReagentE-4-549,,01/31/2012,ReagentF-1-779,6.6,5.967,51.0,88.2,Park,ChemistW
172396,06/13/2011,4.300000000000001,ReagentA-8-484,09/09/2011,,,MaterialA-5-420,,,ReagentE-2-800,,01/31/2012,ReagentF-1-779,6.6,6.06594,30.0,88.01625,Stat,ChemistO
175554,06/21/2011,4.300000000000001,ReagentA-8-484,09/09/2011,07/04/2011,ReagentB-5-796,MaterialA-5-420,ReagentC-2-979,ReagentD-2-446,ReagentE-2-800,1.0,01/31/2012,ReagentF-1-779,6.6,6.25617,32.0,87.84769,Stat,ChemistB
177433,06/24/2011,,ReagentA-9-813,09/22/2011,,,MaterialA-5-420,ReagentC-2-979,ReagentD-2-446,ReagentE-2-800,1.0,01/31/2012,ReagentF-1-779,6.6,6.2786100000000005,32.0,87.86140999999999,Stat,ChemistB
189381,07/20/2011,4.300000000000001,ReagentA-10-950,10/18/2011,08/03/2011,ReagentB-6-983,MaterialA-5-420,ReagentC-2-979,ReagentD-2-446,ReagentE-2-800,1.0,01/31/2012,ReagentF-1-779,6.6,6.12357,29.0,88.01086,Stat,ChemistB
191398,07/26/2011,,ReagentA-10-950,10/18/2011,,,MaterialA-5-420,ReagentC-2-979,ReagentD-2-446,ReagentE-2-800,1.0,01/31/2012,ReagentF-1-779,6.6,6.12969,29.0,87.97607,Stat,ChemistB
196325,08/03/2011,,ReagentA-11-127,09/09/2011,,,MaterialA-5-420,ReagentC-2-979,ReagentD-2-446,ReagentE-2-800,1.0,01/31/2012,ReagentF-1-779,6.6,6.17763,29.0,87.97313,Stat,ChemistB
205882,08/25/2011,,ReagentA-12-447,09/09/2011,,,MaterialA-5-420,ReagentC-2-979,ReagentD-2-446,ReagentE-2-800,1.0,01/31/2012,ReagentF-1-779,6.6,6.10011,41.0,88.06769999999999,Stat,ChemistB
208966,08/31/2011,,ReagentA-13-251,11/26/2011,,,MaterialA-5-420,ReagentC-2-979,ReagentD-3-403,ReagentE-2-800,1.0,01/31/2012,ReagentF-1-779,6.6,6.134279999999999,41.0,88.09563,Stat,ChemistB
213108,09/12/2011,4.6000000000000005,ReagentA-7-462,09/13/2011,09/26/2011,ReagentB-7-41,MaterialA-7-511,ReagentC-2-979,ReagentD-4-395,ReagentE-2-800,1.0,01/31/2012,ReagentF-1-779,6.6,6.02463,83.0,88.25193999999999,Park,ChemistW
216453,09/20/2011,4.300000000000001,ReagentA-14-651,12/19/2011,,,MaterialA-5-420,ReagentC-2-979,ReagentD-3-403,ReagentE-2-800,1.0,01/31/2012,ReagentF-1-779,6.6,6.07512,29.0,88.12062,Stat,ChemistB
224120,10/06/2011,4.300000000000001,ReagentA-15-112,01/03/2012,,,MaterialA-5-420,ReagentC-2-979,ReagentD-3-403,ReagentE-2-800,1.0,01/31/2012,ReagentF-1-779,6.6,6.0195300000000005,29.0,88.19019999999999,Stat,ChemistO
224906,10/10/2011,4.300000000000001,ReagentA-16-382,01/02/2012,,,MaterialA-7-511,ReagentC-2-979,ReagentD-5-744,ReagentE-2-800,1.0,01/31/2012,ReagentF-1-779,7.6,,83.0,,Park,ChemistF
230799,10/24/2011,4.300000000000001,ReagentA-17-810,01/15/2012,,,MaterialA-8-914,ReagentC-2-979,ReagentD-6-585,ReagentE-2-800,1.0,01/31/2012,ReagentF-1-779,7.6,,19.0,,Park,ChemistF
233736,10/28/2011,,ReagentA-14-651,12/19/2011,,,MaterialA-5-420,ReagentC-2-979,ReagentD-7-672,ReagentE-2-800,1.0,01/31/2012,ReagentF-1-779,7.6,6.08532,32.0,88.13532,Stat,ChemistB
234571,11/01/2011,4.300000000000001,ReagentA-15-112,01/03/2012,11/15/2011,ReagentB-8-306,MaterialA-5-420,ReagentC-2-979,ReagentD-7-672,ReagentE-2-800,1.0,01/31/2012,ReagentF-1-779,7.6,5.810388170411999,32.0,88.43795282098,Stat,ChemistB
238728,11/09/2011,4.6000000000000005,ReagentA-18-50,02/08/2012,11/23/2011,ReagentB-9-690,MaterialA-7-511,ReagentC-2-979,ReagentD-8-87,ReagentE-2-800,1.0,01/31/2012,ReagentF-1-779,8.6,6.1098,84.0,88.02359999999999,Park,ChemistA
242655,11/18/2011,4.6000000000000005,ReagentA-19-890,02/07/2012,,,MaterialA-5-420,ReagentC-2-979,ReagentD-7-672,ReagentE-2-800,1.0,01/31/2012,ReagentF-1-779,8.6,5.731215889854001,31.0,88.45371517136,Stat,ChemistB
245772,11/23/2011,4.300000000000001,ReagentA-18-50,02/05/2012,11/23/2011,ReagentB-9-690,MaterialA-7-511,ReagentC-2-979,ReagentD-6-585,ReagentE-2-800,1.0,01/31/2012,ReagentF-1-779,8.6,,19.0,,Park,ChemistA
249336,12/01/2011,4.300000000000001,ReagentA-18-50,02/05/2012,,,MaterialA-7-511,ReagentC-2-979,ReagentD-8-87,ReagentE-2-800,1.0,01/31/2012,ReagentF-1-779,8.6,6.312270000000001,51.0,87.81583999999998,Park,ChemistA
253047,12/07/2011,4.300000000000001,ReagentA-20-777,03/04/2012,,,MaterialA-7-511,ReagentC-2-979,ReagentD-9-103,ReagentE-2-800,1.0,01/31/2012,ReagentF-1-779,8.6,,51.0,,Park,ChemistA
256566,12/14/2011,4.300000000000001,ReagentA-19-890,02/07/2012,,,MaterialA-3-451,ReagentC-2-979,ReagentD-10-822,ReagentE-2-800,1.0,01/31/2012,ReagentF-1-779,8.6,5.798974497912,31.0,88.4715547072,Stat,ChemistB
258566,12/20/2011,4.300000000000001,ReagentA-19-890,02/07/2012,,,MaterialA-3-451,ReagentC-2-979,ReagentD-10-822,ReagentE-2-800,1.0,01/31/2012,ReagentF-1-779,8.6,5.563110886416001,31.0,88.71169750281999,Stat,ChemistB
266629,01/04/2012,4.6000000000000005,ReagentA-21-119,04/04/2012,,,MaterialA-6-778,ReagentC-2-979,ReagentD-10-822,ReagentE-2-800,1.0,Expired: 01/31/2012,ReagentF-1-779,8.6,6.142088712816001,33.0,88.32633815823999,Stat,ChemistB
275818,01/23/2012,4.300000000000001,ReagentA-21-119,04/04/2012,,,MaterialA-3-451,ReagentC-2-979,ReagentD-10-822,ReagentE-2-800,1.0,01/31/2012,ReagentF-1-779,9.6,5.641058656668002,30.0,88.77416828196,Stat,ChemistB
279381,01/26/2012,,ReagentA-22-614,04/24/2012,02/02/2012,ReagentB-10-844,MaterialA-6-778,ReagentC-2-979,ReagentD-10-822,ReagentE-2-800,1.0,01/31/2013,ReagentF-1-779,9.6,6.052251848574,30.0,88.3105522859,Stat,ChemistB
292518,02/18/2012,4.6000000000000005,ReagentA-23-548,05/17/2012,,,MaterialA-6-778,ReagentC-2-979,ReagentD-11-960,ReagentE-2-800,1.0,01/31/2013,ReagentF-1-779,9.6,5.93515602993,31.0,88.41685474006,Stat,ChemistO
292562,02/19/2012,,ReagentA-23-548,05/17/2012,,,MaterialA-6-778,ReagentC-2-979,ReagentD-11-960,ReagentE-2-800,1.0,01/31/2013,ReagentF-1-779,9.6,5.96875575762,31.0,88.32370948758,Stat,ChemistO
299974,03/03/2012,4.300000000000001,ReagentA-24-151,04/24/2012,,,MaterialA-6-778,ReagentC-2-979,ReagentD-11-960,ReagentE-2-800,1.0,01/31/2013,ReagentF-1-779,9.6,5.9266958576999995,29.0,88.35800902992,Stat,ChemistO
318388,04/01/2012,4.800000000000001,ReagentA-24-151,04/24/2012,,,MaterialA-6-778,ReagentC-2-979,ReagentD-12-995,ReagentE-2-800,1.0,01/31/2013,ReagentF-1-779,10.6,5.9167199017200005,31.0,88.43965823462,Stat,ChemistO
326269,04/14/2012,4.300000000000001,ReagentA-25-384,07/14/2012,,,MaterialA-5-420,ReagentC-2-979,ReagentD-12-995,ReagentE-2-800,1.0,01/31/2013,ReagentF-1-779,10.6,,30.0,88.55633340666,Stat,ChemistO
326833,04/14/2012,,ReagentA-25-384,07/14/2012,,,,ReagentC-2-979,ReagentD-12-995,ReagentE-2-800,1.0,01/31/2013,ReagentF-1-779,,5.740387575120001,30.0,88.44907658439999,Stat,ChemistO
330005,04/19/2012,4.6000000000000005,ReagentA-26-947,07/19/2012,,,MaterialA-6-778,ReagentC-2-979,ReagentD-13-409,ReagentE-2-800,1.0,01/31/2013,ReagentF-1-779,10.6,5.958547750416001,30.0,88.2795260739,Stat,ChemistO
333938,04/27/2012,4.6000000000000005,ReagentA-26-947,07/19/2012,,,MaterialA-9-472,ReagentC-2-979,ReagentD-14-506,ReagentE-2-800,1.0,01/31/2013,ReagentF-1-779,10.6,5.956834893078,37.0,88.39470868634,Stat,ChemistO
334784,05/01/2012,4.6000000000000005,ReagentA-26-947,07/19/2012,,,MaterialA-6-778,ReagentC-2-979,ReagentD-14-506,ReagentE-2-800,1.0,01/31/2013,ReagentF-1-779,10.6,,32.0,,Stat,ChemistC
337261,05/02/2012,4.300000000000001,ReagentA-27-246,08/02/2012,,,MaterialA-6-778,ReagentC-2-979,ReagentD-15-727,ReagentE-2-800,1.0,01/31/2013,ReagentF-1-779,10.6,5.8825598769119996,28.0,88.52824631363998,Stat,ChemistO
347186,05/08/2012,4.300000000000001,ReagentA-27-246,08/02/2012,,,MaterialA-6-778,ReagentC-2-979,ReagentD-15-727,ReagentE-2-800,1.0,01/31/2013,ReagentF-1-779,10.6,5.91381995196,28.0,88.48778300936,Stat,ChemistC
406975,05/17/2012,4.300000000000001,ReagentA-27-246,08/02/2012,,,MaterialA-6-778,ReagentC-2-979,ReagentD-16-388,ReagentE-2-800,1.0,01/31/2013,ReagentF-1-779,10.6,5.964575028233999,32.0,88.34044726528,Stat,ChemistO
435154,05/25/2012,4.6000000000000005,ReagentA-28-325,08/24/2012,,,MaterialA-6-778,ReagentC-2-979,ReagentD-16-388,ReagentE-2-800,1.0,01/31/2013,ReagentF-1-779,10.6,5.499574464726,32.0,88.4962077048,Stat,ChemistO
439671,06/04/2012,4.300000000000001,ReagentA-29-106,09/03/2012,,,MaterialA-10-624,ReagentC-2-979,ReagentD-16-388,ReagentE-2-800,1.0,01/31/2013,ReagentF-1-779,10.6,,32.0,,Stat,ChemistO
440028,06/05/2012,4.300000000000001,ReagentA-29-106,09/03/2012,,,MaterialA-11-417,ReagentC-2-979,ReagentD-17-489,ReagentE-2-800,1.0,01/31/2013,ReagentF-1-779,10.6,6.196485596886,30.0,87.73034638858,Stat,ChemistO
442829,06/06/2012,4.300000000000001,ReagentA-29-106,09/03/2012,,,MaterialA-11-417,ReagentC-2-979,ReagentD-17-489,ReagentE-2-800,1.0,01/31/2013,ReagentF-1-779,10.6,6.044509145772,30.0,88.36313526781998,Stat,ChemistO
452859,06/23/2012,4.300000000000001,ReagentA-30-773,09/23/2012,,,MaterialA-10-624,ReagentC-2-979,ReagentD-16-388,ReagentE-2-800,1.0,01/31/2013,ReagentF-1-779,10.6,6.291628998276,29.0,87.71530299167999,Stat,ChemistO
452939,06/24/2012,4.6000000000000005,ReagentA-30-773,09/23/2012,,,MaterialA-11-417,ReagentC-2-979,ReagentD-16-388,ReagentE-2-800,1.0,01/31/2013,ReagentF-1-779,10.6,6.154583223012,29.0,87.92607741386,Stat,ChemistO
464307,07/16/2012,4.300000000000001,ReagentA-31-626,10/13/2012,,,MaterialA-11-417,ReagentC-2-979,ReagentD-18-70,ReagentE-5-273,1.0,01/31/2013,ReagentF-1-779,10.6,6.389212945914,29.0,87.98195360052,Stat,ChemistC
473260,08/01/2012,4.300000000000001,ReagentA-31-626,10/13/2012,,,MaterialA-11-417,ReagentC-2-979,ReagentD-18-70,ReagentE-2-800,1.0,01/31/2013,ReagentF-1-779,10.6,6.332158804661999,32.0,87.91395150733999,Stat,ChemistC
482760,08/10/2012,4.300000000000001,ReagentA-32-729,09/23/2012,,,MaterialA-11-417,ReagentC-2-979,ReagentD-19-190,ReagentE-2-800,1.0,01/31/2013,ReagentF-1-779,10.6,6.498820623564001,32.0,87.47079002326001,Stat,ChemistC
485969,08/20/2012,4.300000000000001,ReagentA-30-773,09/23/2012,08/29/2012,ReagentB-11-708,MaterialA-10-624,ReagentC-2-979,ReagentD-19-190,ReagentE-6-149,1.0,01/31/2013,ReagentF-1-779,10.6,6.222097888074,31.0,88.1057636949,Stat,ChemistC
491345,08/23/2012,4.300000000000001,ReagentA-33-558,11/19/2012,09/05/2012,ReagentB-12-813,MaterialA-12-884,ReagentC-2-979,ReagentD-20-758,ReagentE-6-149,1.0,01/31/2013,ReagentF-1-779,10.6,6.52749,74.0,87.4209,Park,ChemistF
499810,09/04/2012,4.300000000000001,ReagentA-33-558,11/19/2012,09/06/2012,ReagentB-13-498,MaterialA-12-884,ReagentC-2-979,ReagentD-21-324,ReagentE-6-149,1.0,01/31/2013,ReagentF-1-779,10.6,6.4311,72.0,87.6757,Park,ChemistA
520167,10/01/2012,4.300000000000001,ReagentA-34-822,01/01/2013,,,MaterialA-11-417,ReagentC-2-979,ReagentD-22-892,ReagentE-6-149,1.0,01/31/2013,ReagentF-1-779,10.6,6.200253132024,37.0,88.20888197813998,Stat,ChemistC
557268,11/12/2012,4.6000000000000005,ReagentA-35-41,02/05/2013,11/19/2012,ReagentB-14-12,MaterialA-11-417,ReagentC-2-979,ReagentD-23-877,ReagentE-6-149,1.0,01/31/2013,ReagentF-1-779,11.6,6.2005799999999995,31.0,87.99126000000001,Stat,ChemistD
563846,11/19/2012,4.6000000000000005,ReagentA-35-41,02/05/2013,,,MaterialA-11-417,ReagentC-2-979,ReagentD-23-877,ReagentE-6-149,1.0,01/31/2013,ReagentF-1-779,11.6,6.179670000000001,31.0,87.98097,Stat,ChemistD
576745,12/05/2012,4.6000000000000005,ReagentA-36-998,01/01/2013,,,MaterialA-11-417,ReagentC-2-979,ReagentD-23-877,ReagentE-6-149,1.0,01/31/2013,ReagentF-1-779,11.6,5.4717899999999995,31.0,88.80564,Stat,ChemistD
579104,12/11/2012,4.300000000000001,ReagentA-36-998,01/01/2013,,,MaterialA-11-417,ReagentC-2-979,ReagentD-24-446,ReagentE-6-149,1.0,01/31/2013,ReagentF-1-779,11.6,5.986890000000001,32.0,88.22401,Stat,ChemistD
586500,12/19/2012,4.300000000000001,ReagentA-37-862,03/18/2013,,,MaterialA-11-417,ReagentC-2-979,ReagentD-25-927,ReagentE-6-149,1.0,01/31/2013,ReagentF-1-779,12.6,6.0195300000000005,31.0,87.93638000000001,Stat,ChemistD
602260,01/14/2013,4.300000000000001,ReagentA-37-862,03/18/2013,,,MaterialA-11-417,ReagentC-2-979,ReagentD-26-995,ReagentE-6-149,1.0,01/31/2013,ReagentF-1-779,12.6,,41.0,,Stat,ChemistD
602863,01/15/2013,4.300000000000001,ReagentA-38-375,04/15/2013,01/21/2013,ReagentB-15-990,MaterialA-11-417,ReagentC-2-979,ReagentD-26-995,ReagentE-6-149,1.0,01/31/2013,ReagentF-1-779,12.6,6.15825,30.0,87.58358000000003,Stat,ChemistD
612344,01/29/2013,4.300000000000001,ReagentA-38-375,4/15/2013,,,MaterialA-11-417,ReagentC-2-979,ReagentD-27-247,ReagentE-6-149,1.0,01/31/2014,ReagentF-1-779,12.6,5.9211,29.0,88.30633,Stat,ChemistD
622129,02/12/2013,4.300000000000001,ReagentA-39-469,03/18/2013,,,MaterialA-13-572,ReagentC-2-979,ReagentD-28-891,ReagentE-6-149,1.0,01/31/2014,ReagentF-1-779,12.6,6.263484689076,29.0,88.04290068643999,Stat,ChemistB
634482,02/28/2013,4.300000000000001,ReagentA-40-919,05/28/2013,,,MaterialA-13-572,ReagentC-2-979,ReagentD-29-214,ReagentE-6-149,1.0,01/31/2014,ReagentF-1-779,12.6,6.33715841106,31.0,87.65428182462,Stat,ChemistB
634946,03/01/2013,4.300000000000001,ReagentA-40-919,05/28/2013,,,MaterialA-13-572,ReagentC-2-979,ReagentD-29-214,ReagentE-6-149,1.0,01/31/2014,ReagentF-1-779,12.6,6.277614954606,31.0,88.07137961678002,Stat,ChemistB
646732,03/15/2013,4.6000000000000005,ReagentA-40-919,05/28/2013,,,MaterialA-13-572,ReagentC-2-979,ReagentD-30-875,ReagentE-6-149,1.0,01/31/2014,ReagentF-1-779,12.6,6.430262932308,32.0,87.56978919206001,Stat,ChemistB
650824,03/21/2013,4.300000000000001,ReagentA-41-869,06/19/2013,,,MaterialA-14-104,ReagentC-2-979,ReagentD-31-419,ReagentE-7-333,1.0,01/31/2014,ReagentF-1-779,12.6,6.460350574272,32.0,87.50323063201999,Stat,ChemistE
655798,03/28/2013,4.300000000000001,ReagentA-41-869,06/19/2013,,,MaterialA-13-572,ReagentC-2-979,ReagentD-30-875,ReagentE-6-149,1.0,01/31/2014,ReagentF-1-779,12.6,6.4451488393380005,31.0,87.58817473686001,Stat,ChemistE
662316,04/09/2013,4.6000000000000005,ReagentA-41-869,06/19/2013,,,MaterialA-13-572,ReagentC-2-979,ReagentD-32-979,ReagentE-6-149,1.0,01/31/2014,ReagentF-1-779,12.6,6.31411130859,32.0,87.69819256113999,Stat,ChemistE
675609,04/25/2013,,ReagentA-42-765,07/22/2013,,,MaterialA-13-572,ReagentC-2-979,ReagentD-33-606,ReagentE-6-149,1.0,01/31/2014,ReagentF-1-779,12.6,6.467663945508,29.0,87.6717819453,Stat,ChemistE
682282,05/06/2013,4.300000000000001,ReagentA-43-37,08/06/2013,,,MaterialA-13-572,ReagentC-2-979,ReagentD-33-606,ReagentE-6-149,1.0,01/31/2014,ReagentF-1-779,12.6,6.326419299444002,31.0,87.95997249746,Stat,ChemistE
691536,05/15/2013,4.300000000000001,ReagentA-43-37,08/06/2013,,,MaterialA-13-572,ReagentC-2-979,ReagentD-34-22,ReagentE-6-149,1.0,01/31/2014,ReagentF-1-779,12.6,6.026501860956,37.0,88.34198242058001,Stat,ChemistE
693431,05/20/2013,4.300000000000001,ReagentA-43-37,08/06/2013,,,MaterialA-13-572,ReagentC-2-979,ReagentD-35-810,ReagentE-6-149,1.0,01/31/2014,ReagentF-1-779,12.6,5.966780191938001,31.0,87.82208234618,Stat,ChemistE
694279,05/21/2013,4.300000000000001,ReagentA-44-764,08/10/2013,,,MaterialA-13-572,ReagentC-2-979,ReagentD-35-810,ReagentE-6-149,1.0,01/31/2014,ReagentF-1-779,12.6,5.960900781276,31.0,87.9418574944,Stat,ChemistE
699808,,,,,,,,,,,,,,,,,,Park,
708248,06/10/2013,4.300000000000001,ReagentA-42-765,07/22/2013,,,MaterialA-13-572,ReagentC-3-410,ReagentD-36-785,ReagentE-6-149,1.0,01/31/2014,ReagentF-1-779,12.6,5.95829030415,42.0,88.36055280318,Stat,ChemistE
711667,06/13/2013,4.300000000000001,ReagentA-45-81,09/09/2013,06/26/2013,ReagentB-16-127,MaterialA-12-884,ReagentC-3-410,ReagentD-37-512,ReagentE-8-60,1.0,01/31/2014,ReagentF-1-779,12.6,6.235515829872001,83.0,88.22624846405999,Park,ChemistF
715430,06/19/2013,4.300000000000001,ReagentA-44-764,08/10/2013,,,MaterialA-13-572,ReagentC-3-410,ReagentD-38-642,ReagentE-6-149,1.0,01/31/2014,ReagentF-1-779,12.6,5.838834265890001,29.0,88.62319554914,Stat,ChemistE
719244,06/26/2013,4.300000000000001,ReagentA-45-81,09/06/2013,06/26/2013,ReagentB-16-127,MaterialA-12-884,ReagentC-3-410,ReagentD-37-512,ReagentE-6-149,1.0,01/31/2014,ReagentF-1-779,12.6,6.2461250499959995,83.0,88.0174593739,Park,ChemistP
725630,07/09/2013,4.6000000000000005,ReagentA-46-8,10/06/2013,,,MaterialA-12-884,ReagentC-3-410,ReagentD-39-943,ReagentE-6-149,1.0,01/31/2014,ReagentF-1-779,12.6,6.08695471116,84.0,88.38122616288001,Park,ChemistF
728013,07/10/2013,4.300000000000001,ReagentA-47-482,07/22/2013,,,MaterialA-13-572,ReagentC-3-410,ReagentD-40-738,ReagentE-6-149,1.0,01/31/2014,ReagentF-1-779,12.6,5.77215334077,40.0,88.66958770053998,Stat,ChemistE
728463,07/11/2013,,ReagentA-46-8,10/06/2013,,,MaterialA-12-884,ReagentC-3-410,ReagentD-41-490,ReagentE-6-149,1.0,01/31/2014,ReagentF-1-779,12.6,,83.0,,Park,ChemistP
733173,07/22/2013,4.300000000000001,ReagentA-48-900,10/19/2013,,,MaterialA-13-572,ReagentC-3-410,ReagentD-42-680,ReagentE-6-149,1.0,01/31/2014,ReagentF-1-779,12.6,5.831205967002,32.0,88.55801964561999,Stat,ChemistE
736224,07/24/2013,4.300000000000001,ReagentA-46-8,10/06/2013,,,MaterialA-12-884,ReagentC-3-410,ReagentD-43-449,ReagentE-6-149,1.0,01/31/2014,ReagentF-1-779,12.6,6.026103446916,84.0,88.4932147407,Park,ChemistP
738302,07/30/2013,4.6000000000000005,ReagentA-48-900,10/19/2013,,,MaterialA-13-572,ReagentC-3-410,ReagentD-44-271,ReagentE-6-149,1.0,01/31/2014,ReagentF-1-779,12.6,5.346485740638,37.0,89.14601390281999,Stat,ChemistE
744865,08/08/2013,4.300000000000001,ReagentA-49-116,11/04/2013,,,MaterialA-12-884,ReagentC-3-410,ReagentD-45-640,ReagentE-6-149,1.0,01/31/2014,ReagentF-1-779,12.6,6.071584815966,50.0,88.44036650609999,Park,ChemistF
748705,08/15/2013,4.6000000000000005,ReagentA-50-834,see assay comments,,,MaterialA-13-572,ReagentC-3-410,ReagentD-46-364,ReagentE-6-149,1.0,01/31/2014,ReagentF-1-779,12.6,5.638526754018001,32.0,88.79471055196001,Stat,ChemistB
752720,08/21/2013,4.300000000000001,ReagentA-49-116,11/04/2013,,,MaterialA-12-884,ReagentC-3-410,ReagentD-45-640,ReagentE-6-149,1.0,01/31/2014,ReagentF-1-779,12.6,6.062147414579998,84.0,88.45696068048001,Park,ChemistF
754003,08/26/2013,4.300000000000001,ReagentA-51-733,11/23/2013,,,MaterialA-13-572,ReagentC-3-410,ReagentD-46-364,ReagentE-6-149,1.0,01/31/2014,ReagentF-1-779,12.6,5.4218456606280006,31.0,89.02457352879999,Stat,ChemistB
757234,08/30/2013,4.300000000000001,ReagentA-45-81,09/11/2013,,,MaterialA-12-884,ReagentC-3-410,ReagentD-47-396,ReagentE-6-149,1.0,01/31/2014,ReagentF-1-779,12.6,5.902901469264001,74.0,88.56976892736,Park,ChemistF
761127,09/06/2013,4.300000000000001,ReagentA-52-412,12/03/2013,,,MaterialA-13-572,ReagentC-3-410,ReagentD-48-441,ReagentE-6-149,1.0,01/31/2014,ReagentF-1-779,12.6,,31.0,88.86131095016,Stat,ChemistE
762169,09/10/2013,4.6000000000000005,ReagentA-52-412,12/03/2013,,,MaterialA-15-964,,ReagentD-48-441,ReagentE-6-149,1.0,01/31/2014,ReagentF-1-779,12.6,,31.0,,Stat,ChemistE
762234,09/10/2013,4.6000000000000005,ReagentA-52-412,12/03/2013,,,MaterialA-15-964,,ReagentD-48-441,ReagentE-6-149,1.0,01/31/2014,ReagentF-1-779,12.6,6.35489139768,31.0,88.11463626602,Stat,ChemistE
764576,09/11/2013,4.6000000000000005,ReagentA-51-733,11/23/2013,,,MaterialA-15-964,ReagentC-3-410,ReagentD-48-441,ReagentE-6-149,1.0,01/31/2014,ReagentF-1-779,12.6,6.3689408510579995,31.0,88.28181619669999,Stat,ChemistB
776662,10/02/2013,4.4,ReagentA-53-622,01/01/2014,,,MaterialA-15-964,ReagentC-3-410,ReagentD-48-441,ReagentE-6-149,1.0,01/31/2014,ReagentF-1-779,13.6,6.422836661964001,44.0,88.02411721558,Stat,ChemistB
777574,10/04/2013,4.4,ReagentA-53-622,01/01/2014,,,MaterialA-15-964,ReagentC-3-410,ReagentD-48-441,ReagentE-6-149,1.0,01/31/2014,ReagentF-1-779,13.6,6.2484755826719995,44.0,88.30376172282,Stat,ChemistB
782453,10/11/2013,4.300000000000001,ReagentA-54-177,01/11/2014,,,MaterialA-15-964,ReagentC-3-410,ReagentD-48-441,ReagentE-6-149,1.0,01/31/2014,ReagentF-1-779,13.6,6.0765201172799985,44.0,88.5099853582,Stat,ChemistG
783664,10/15/2013,4.4,ReagentA-54-177,01/11/2014,,,MaterialA-15-964,ReagentC-3-410,ReagentD-48-441,ReagentE-6-149,1.0,01/31/2014,ReagentF-1-779,13.6,6.208016299392001,44.0,88.1819267028,Stat,ChemistG
801145,10/28/2013,4.4,ReagentA-55-852,01/28/2014,,,MaterialA-15-964,,ReagentD-48-441,ReagentE-6-149,1.0,01/31/2014,ReagentF-1-779,13.6,6.030557777328,44.0,88.44543855,Stat,ChemistG
821140,11/01/2013,4.4,ReagentA-56-484,01/16/2014,,,MaterialA-15-964,,ReagentD-49-325,ReagentE-6-149,1.0,01/31/2014,ReagentF-1-779,13.6,6.31022228727,42.0,88.17138071308003,Stat,ChemistG
831192,11/15/2013,4.300000000000001,ReagentA-56-484,01/16/2014,,,MaterialA-15-964,,ReagentD-50-279,ReagentE-6-149,1.0,01/31/2014,ReagentF-1-779,13.6,,40.0,88.40908140063999,Stat,ChemistG
835683,,,,,,,,ReagentC-3-410,,,,,,,,,,Stat,
836353,11/25/2013,4.6000000000000005,ReagentA-57-863,02/18/2014,,,MaterialA-16-375,ReagentC-3-410,ReagentD-50-279,ReagentE-6-149,1.0,01/31/2014,ReagentF-1-779,13.6,6.126915512076,29.0,88.29729528592,Stat,ChemistG
842793,12/05/2013,4.300000000000001,ReagentA-58-675,03/03/2014,,,MaterialA-17-45,ReagentC-3-410,ReagentD-51-216,ReagentE-6-149,1.0,01/31/2014,ReagentF-1-779,13.6,6.248482119036,40.0,88.0041041985,Stat,ChemistE
844406,12/10/2013,4.1000000000000005,ReagentA-58-675,03/03/2014,,,MaterialA-16-375,ReagentC-3-410,ReagentD-52-179,ReagentE-6-149,1.0,01/31/2014,ReagentF-1-779,13.6,6.115234142922001,40.0,88.07658036799998,Stat,ChemistE
858619,01/06/2014,4.300000000000001,ReagentA-59-185,04/03/2014,,,MaterialA-16-375,ReagentC-3-410,ReagentD-51-216,ReagentE-6-149,1.0,01/31/2014,ReagentF-1-779,13.6,6.30155319405,32.0,88.06126365498002,Stat,ChemistE
859364,01/07/2014,4.6000000000000005,ReagentA-59-185,04/03/2014,,,MaterialA-16-375,ReagentC-3-410,ReagentD-51-216,ReagentE-6-149,1.0,01/31/2014,ReagentF-1-779,13.6,6.089398459392,32.0,88.35920242393999,Stat,ChemistG
861722,01/08/2014,4.6000000000000005,ReagentA-60-869,03/03/2014,,,MaterialA-16-375,ReagentC-3-410,ReagentD-51-216,ReagentE-6-149,1.0,01/31/2014,ReagentF-1-779,13.6,6.063927123228,32.0,88.34022566278001,Stat,ChemistG
870653,01/28/2014,4.6000000000000005,ReagentA-61-81,04/14/2014,,,MaterialA-16-375,ReagentC-3-410,ReagentD-53-478,ReagentE-6-149,1.0,01/31/2015,ReagentF-1-779,13.6,5.9856253534079995,31.0,88.42123484613998,Stat,ChemistE
874850,,,,,,,,,,,,,,,,,,Park,
877645,02/06/2014,4.300000000000001,ReagentA-62-972,05/04/2014,,,MaterialA-16-375,ReagentC-3-410,ReagentD-51-216,ReagentE-6-149,1.0,01/31/2015,ReagentF-1-779,13.6,5.918199318084,37.0,88.55794245298,Stat,ChemistO
879366,02/11/2014,4.300000000000001,ReagentA-62-972,05/04/2014,,,MaterialA-16-375,ReagentC-3-410,ReagentD-54-473,ReagentE-6-149,1.0,01/31/2015,ReagentF-1-779,13.6,6.018471736434001,41.0,88.41223038466,Stat,ChemistG
886584,02/19/2014,4.300000000000001,ReagentA-63-381,04/14/2014,,,MaterialA-16-375,ReagentC-3-410,ReagentD-54-473,ReagentE-6-149,1.0,01/31/2015,ReagentF-1-779,13.6,5.868421941186001,41.0,88.53618368056001,Stat,ChemistG
886600,,,,,,,,,,,,,,,,,,Stat,
894540,03/05/2014,4.300000000000001,ReagentA-64-332,06/04/2014,,,MaterialA-18-267,ReagentC-3-410,ReagentD-54-473,ReagentE-6-149,1.0,01/31/2015,ReagentF-1-779,13.6,6.08670796245,37.0,88.39660168668,Stat,ChemistG
894952,03/06/2014,4.300000000000001,ReagentA-64-332,06/04/2014,,,MaterialA-18-267,ReagentC-3-410,ReagentD-54-473,ReagentE-6-149,1.0,01/31/2015,ReagentF-1-779,13.6,6.0551499664140005,37.0,88.40533463132,Stat,ChemistG
896267,03/10/2014,4.6000000000000005,ReagentA-65-250,06/10/2014,,,MaterialA-18-267,ReagentC-3-410,ReagentD-55-102,ReagentE-6-149,1.0,01/31/2015,ReagentF-1-779,13.6,6.110534950698,41.0,88.35732563868,Stat,ChemistB
899389,03/13/2014,4.300000000000001,ReagentA-65-250,06/10/2014,,,MaterialA-19-573,ReagentC-3-410,ReagentD-55-102,ReagentE-6-149,1.0,01/31/2015,ReagentF-1-779,13.6,6.0267350287740005,41.0,88.3741569613,Stat,ChemistO
903429,03/20/2014,4.300000000000001,ReagentA-65-250,06/10/2014,,,MaterialA-20-857,ReagentC-3-410,ReagentD-56-87,ReagentE-6-149,1.0,01/31/2015,ReagentF-1-779,13.6,6.10190421876,31.0,88.6221231763,Stat,ChemistE
916325,04/09/2014,4.300000000000001,ReagentA-66-533,07/08/2014,,,MaterialA-20-857,ReagentC-3-410,ReagentD-57-863,ReagentE-9-343,1.0,01/31/2015,ReagentF-1-779,13.6,6.328404177012,41.0,87.99326497318,Stat,ChemistG
917501,04/14/2014,4.300000000000001,ReagentA-66-533,07/08/2014,,,MaterialA-18-267,ReagentC-3-410,ReagentD-57-863,ReagentE-9-343,1.0,01/31/2015,ReagentF-1-779,13.6,6.286580164842,41.0,87.86172133522,Stat,ChemistE
921408,04/21/2014,4.6000000000000005,ReagentA-67-558,06/10/2014,,,MaterialA-18-267,ReagentC-3-410,ReagentD-57-863,ReagentE-9-343,1.0,01/31/2015,ReagentF-1-779,13.6,6.13322392311,37.0,88.04991251196002,Stat,ChemistG
933831,05/13/2014,4.300000000000001,ReagentA-67-558,06/10/2014,,,MaterialA-20-857,ReagentC-3-410,ReagentD-58-759,ReagentE-9-343,1.0,01/31/2015,ReagentF-1-779,13.6,6.2221964837220005,37.0,88.07318684556,Stat,ChemistG
936761,05/15/2014,4.300000000000001,ReagentA-68-631,08/15/2014,,,MaterialA-20-857,ReagentC-3-410,ReagentD-57-863,ReagentE-9-343,1.0,01/31/2015,ReagentF-1-779,13.6,6.283576148664,29.0,87.90342529303999,Stat,ChemistG
938393,,,,,,,,,,,,,,,,,,LIN,
942475,05/23/2014,4.300000000000001,ReagentA-68-631,08/15/2014,,,MaterialA-18-267,ReagentC-3-410,ReagentD-57-863,ReagentE-9-343,1.0,01/31/2015,ReagentF-1-779,13.6,6.455855990886,29.0,87.48159051996001,Stat,ChemistG
945323,05/28/2014,4.4,ReagentA-69-570,08/23/2014,,,MaterialA-21-612,,ReagentD-59-392,ReagentE-9-343,,,,13.6,6.396929999999999,266.0,87.3474,LIN,ChemistH
946725,,,,,,,,ReagentC-3-410,,,,,,,,,,Stat,
947367,06/02/2014,4.300000000000001,ReagentA-68-631,08/15/2014,,,MaterialA-20-857,ReagentC-3-410,ReagentD-58-759,ReagentE-9-343,1.0,01/31/2015,ReagentF-1-779,13.6,6.30507933099,40.0,87.72071790426001,Stat,ChemistG
954101,06/11/2014,4.4,ReagentA-70-29,09/06/2014,,,MaterialA-22-225,,ReagentD-60-983,,1.0,,,13.6,6.064920000000002,266.0,87.69677,LIN,ChemistH
959123,06/19/2014,4.4,ReagentA-71-422,09/03/2014,,,MaterialA-23-196,,ReagentD-61-8,ReagentE-9-343,,,,13.6,6.76872,,86.60603,LIN,ChemistH
960098,06/23/2014,4.6000000000000005,ReagentA-72-516,09/17/2014,,,MaterialA-18-267,ReagentC-3-410,ReagentD-62-723,ReagentE-9-343,1.0,01/31/2015,ReagentF-1-779,13.6,6.194439211176,37.0,88.01831531276001,Stat,ChemistE
960722,06/24/2014,4.4,ReagentA-71-422,09/03/2014,,,MaterialA-23-196,,ReagentD-61-8,ReagentE-9-343,,,,13.6,6.43416,,87.36013999999999,LIN,ChemistH
964016,06/27/2014,4.6000000000000005,ReagentA-72-516,09/17/2014,,,MaterialA-18-267,ReagentC-3-410,ReagentD-62-723,ReagentE-9-343,1.0,01/31/2015,ReagentF-1-779,13.6,6.210725894916,37.0,87.80769962313998,Stat,ChemistG
975258,07/16/2014,4.6000000000000005,ReagentA-73-241,10/01/2014,,,MaterialA-18-267,ReagentC-3-410,ReagentD-63-395,ReagentE-9-343,1.0,01/31/2015,ReagentF-1-779,13.6,6.290038112844,29.0,87.80925581903999,Stat,ChemistG
983095,08/01/2014,4.300000000000001,ReagentA-72-516,09/17/2014,,,MaterialA-18-267,ReagentC-3-410,ReagentD-64-364,ReagentE-9-343,1.0,01/31/2015,ReagentF-1-779,13.6,6.095047846386,40.0,87.88594324453999,Stat,ChemistG
989161,08/13/2014,4.800000000000001,ReagentA-72-516,09/17/2014,,,MaterialA-18-267,,ReagentD-65-53,ReagentE-9-343,1.0,07/01/2015,ReagentF-3-623,14.6,2.139495003726,31.0,92.31606290913999,Stat,ChemistG
997433,08/27/2014,4.4,ReagentA-74-128,11/18/2014,,,MaterialA-23-196,,ReagentD-66-592,ReagentE-9-343,1.0,07/01/2015,ReagentF-3-623,14.6,2.37303,266.0,91.46242,LIN,ChemistH
997577,08/27/2014,4.300000000000001,ReagentA-75-435,11/27/2014,,,MaterialA-18-267,,ReagentD-65-53,ReagentE-9-343,1.0,07/01/2015,ReagentF-3-623,14.6,2.109927372246,31.0,92.36278070473999,Stat,ChemistG
998216,08/29/2014,4.6000000000000005,ReagentA-75-435,11/27/2014,,,MaterialA-18-267,,ReagentD-65-53,ReagentE-9-343,1.0,07/01/2015,ReagentF-3-623,14.6,2.094584786736,31.0,92.36622741667999,Stat,ChemistG
1005801,09/10/2014,4.300000000000001,ReagentA-76-761,12/10/2014,,,MaterialA-18-267,,ReagentD-67-477,ReagentE-9-343,1.0,07/01/2015,ReagentF-3-623,14.6,2.198551504122,29.0,92.22406443306001,Stat,ChemistE
1013933,09/24/2014,4.300000000000001,ReagentA-76-761,12/10/2014,,,MaterialA-20-857,,ReagentD-65-53,ReagentE-9-343,1.0,07/01/2015,ReagentF-3-623,14.6,2.19291332091,29.0,92.29542307524,Stat,ChemistG
1020029,10/06/2014,4.300000000000001,ReagentA-75-435,11/27/2014,,,MaterialA-20-857,,ReagentD-68-270,ReagentE-9-343,1.0,07/01/2015,ReagentF-3-623,14.6,2.164923293238,29.0,92.35915749676,Stat,ChemistG
1027583,10/17/2014,4.4,ReagentA-77-696,01/16/2015,,,MaterialA-24-8,,ReagentD-69-717,ReagentE-9-343,1.0,07/01/2015,ReagentF-3-623,14.6,2.3337600000000003,266.0,91.76572999999999,LIN,ChemistH
1028711,10/21/2014,4.6000000000000005,ReagentA-78-718,01/20/2015,,,MaterialA-20-857,,ReagentD-68-270,ReagentE-9-343,1.0,07/01/2015,ReagentF-3-623,14.6,,29.0,91.98172582788001,Stat,ChemistB
1032927,10/28/2014,4.300000000000001,ReagentA-78-718,01/20/2015,,,MaterialA-20-857,,ReagentD-68-270,ReagentE-9-343,1.0,07/01/2015,ReagentF-3-623,14.6,2.139955911534,37.0,92.37809551753999,Stat,ChemistB
1044294,11/13/2014,4.300000000000001,ReagentA-79-631,02/13/2015,,,MaterialA-20-857,,ReagentD-70-94,ReagentE-9-343,1.0,07/01/2015,ReagentF-3-623,14.6,2.156402021376,40.0,92.29622312568,Stat,ChemistB
1049406,11/21/2014,4.4,ReagentA-80-943,02/20/2015,,,MaterialA-25-708,,ReagentD-71-59,ReagentE-9-343,1.0,07/01/2015,ReagentF-3-623,14.6,,365.0,,LIN,ChemistJ
1053562,11/25/2014,4.4,ReagentA-81-439,02/25/2015,,,MaterialA-26-467,,ReagentD-71-59,ReagentE-9-343,1.0,07/01/2015,ReagentF-3-623,14.6,2.30265,364.0,91.74662,LIN,ChemistJ
1057275,12/03/2014,4.300000000000001,ReagentA-82-678,03/03/2015,,,MaterialA-20-857,,ReagentD-72-405,ReagentE-9-343,1.0,07/01/2015,ReagentF-3-623,14.6,2.12167681977,41.0,92.37071628903999,Stat,ChemistB
1059441,12/09/2014,4.4,ReagentA-82-678,03/03/2015,,,MaterialA-20-857,,ReagentD-72-405,ReagentE-9-343,1.0,07/01/2015,ReagentF-3-623,14.6,2.027452419306,42.0,92.44836142248,Stat,ChemistG
1067003,12/18/2014,,ReagentA-83-882,03/16/2015,,,MaterialA-18-267,,ReagentD-72-405,ReagentE-9-343,1.0,07/01/2015,ReagentF-3-623,14.6,2.03167858347,42.0,92.48963083066,Stat,ChemistB
1078596,01/09/2015,4.300000000000001,ReagentA-84-979,04/09/2015,,,MaterialA-18-267,,ReagentD-73-766,ReagentE-9-343,1.0,07/01/2015,ReagentF-3-623,14.6,2.163035058426,37.0,92.32930225736001,Stat,ChemistB
1079638,01/15/2015,4.4,ReagentA-81-439,02/25/2015,,,MaterialA-27-204,,ReagentD-74-386,ReagentE-9-343,1.0,07/01/2015,ReagentF-3-623,14.6,2.3704799999999997,365.0,92.02004,LIN,ChemistJ
1096065,02/05/2015,4.4,ReagentA-85-777,05/04/2015,,,MaterialA-18-267,,ReagentD-75-809,ReagentE-9-343,1.0,07/01/2015,ReagentF-3-623,14.6,2.007494428962,46.0,92.55196195098,Stat,ChemistL
1096836,02/09/2015,4.4,ReagentA-85-777,05/04/2015,,,MaterialA-18-267,,ReagentD-75-809,ReagentE-9-343,1.0,07/01/2015,ReagentF-3-623,14.6,2.0138455107780002,46.0,92.5533637077,Stat,ChemistB
1096873,02/10/2015,4.4,ReagentA-81-439,02/25/2015,,,MaterialA-24-8,,ReagentD-76-303,ReagentE-9-343,1.0,07/01/2015,ReagentF-3-623,14.6,2.32917,187.0,91.69076,LIN,ChemistH
1110357,03/03/2015,4.6000000000000005,ReagentA-86-520,06/03/2015,,,MaterialA-18-267,,ReagentD-77-93,ReagentE-9-343,1.0,07/01/2015,ReagentF-3-623,14.6,2.050577828502,44.0,92.39347385198,Stat,ChemistB
1112343,03/04/2015,4.4,ReagentA-87-877,06/02/2015,,,MaterialA-24-8,,ReagentD-78-311,ReagentE-9-343,1.0,07/01/2015,ReagentF-3-623,14.6,2.3006100000000003,187.0,91.34237,LIN,ChemistH
1116673,03/12/2015,4.4,ReagentA-87-877,06/02/2015,,,MaterialA-28-74,,ReagentD-78-311,ReagentE-9-343,1.0,07/01/2015,ReagentF-3-623,14.6,2.08284,187.0,92.54973,LIN,ChemistH
1116827,03/12/2015,4.4,ReagentA-84-979,04/09/2015,,,MaterialA-18-267,,ReagentD-79-47,ReagentE-9-343,1.0,07/01/2015,ReagentF-3-623,14.6,,46.0,92.69633517858,Stat,ChemistL
1117760,03/17/2015,4.300000000000001,ReagentA-88-811,06/16/2015,,,MaterialA-29-78,,ReagentD-79-47,ReagentE-9-343,1.0,07/01/2015,ReagentF-3-623,14.6,2.057885587494,42.0,92.68309283842,Stat,ChemistL
1131389,04/08/2015,4.300000000000001,ReagentA-86-520,06/03/2015,,,MaterialA-29-78,,ReagentD-80-458,ReagentE-9-343,1.0,07/01/2015,ReagentF-3-623,14.6,2.2356002781720004,37.0,92.30871377448001,Stat,ChemistE
1137158,04/20/2015,4.300000000000001,ReagentA-88-811,06/16/2015,,,MaterialA-29-78,,ReagentD-81-308,ReagentE-9-343,1.0,07/01/2015,ReagentF-3-623,14.6,2.2331666632319997,41.0,92.16449799563999,Stat,ChemistE
1138447,,,,,,,,,,,,,,,,,,NONE,
1154674,05/12/2015,4.4,ReagentA-88-811,06/16/2015,,,MaterialA-29-78,,ReagentD-82-269,ReagentE-9-343,1.0,07/01/2015,ReagentF-3-623,14.6,2.1697583063160004,44.0,92.32387041626001,Stat,ChemistL
1163360,05/22/2015,4.4,ReagentA-87-877,06/02/2015,,,MaterialA-30-831,,ReagentD-83-209,ReagentE-9-343,1.0,07/01/2015,ReagentF-3-623,14.6,2.4786,187.0,91.35021,LIN,ChemistK
1170808,06/01/2015,4.4,ReagentA-89-458,09/01/2015,,,MaterialA-29-78,,ReagentD-84-202,ReagentE-9-343,1.0,07/01/2015,ReagentF-3-623,14.6,2.252719593726,45.0,91.99774278128001,Stat,ChemistG
1171069,05/22/2015,4.4,ReagentA-87-877,06/02/2015,,,MaterialA-31-395,,ReagentD-83-209,ReagentE-9-343,1.0,07/01/2015,ReagentF-3-623,14.6,2.35008,186.0,91.97153,LIN,ChemistK
1177961,06/15/2015,4.4,ReagentA-90-719,07/20/2015,,,MaterialA-28-74,,ReagentD-85-321,ReagentE-9-343,1.0,07/01/2015,ReagentF-3-623,14.6,2.0716200000000002,187.0,92.41694,LIN,ChemistK
1194060,07/01/2015,4.6000000000000005,ReagentA-89-458,09/01/2015,,,MaterialA-29-78,,ReagentD-86-777,ReagentE-9-343,1.0,Expired: 07/01/2015,ReagentF-3-623,14.6,2.2071820582740003,31.0,92.16157282793999,Stat,ChemistL
1199344,07/09/2015,4.300000000000001,ReagentA-89-458,09/01/2015,,,MaterialA-29-78,,ReagentD-87-414,ReagentE-9-343,1.0,07/01/2017,ReagentF-3-623,14.6,2.393055638886,37.0,91.84978831811999,Stat,ChemistB
1205350,07/17/2015,4.4,ReagentA-91-385,10/17/2015,,,MaterialA-32-521,,ReagentD-85-321,ReagentE-9-343,1.0,07/01/2017,ReagentF-3-623,14.6,2.17107,187.0,92.34148,LIN,ChemistH
1206256,07/20/2015,4.4,ReagentA-91-385,10/17/2015,,,MaterialA-32-521,,ReagentD-88-24,ReagentE-9-343,1.0,07/01/2017,ReagentF-3-623,14.6,2.10324,187.0,92.07737,LIN,ChemistH
1210573,07/23/2015,4.300000000000001,ReagentA-92-273,10/23/2015,,,MaterialA-29-78,,ReagentD-89-811,ReagentE-9-343,1.0,07/01/2017,ReagentF-3-623,14.6,2.200344054672,41.0,92.26311643934,Stat,ChemistL
1210577,07/23/2015,4.300000000000001,ReagentA-92-273,10/23/2015,,,MaterialA-29-78,,ReagentD-89-811,ReagentE-9-343,1.0,07/01/2017,ReagentF-3-623,14.6,,41.0,,Stat,ChemistL
1211070,07/24/2015,4.4,ReagentA-93-570,10/22/2015,,,MaterialA-29-78,,ReagentD-89-811,ReagentE-9-343,1.0,07/01/2017,ReagentF-3-623,14.6,2.165458121568,46.0,92.10180272398,Stat,ChemistL
1212497,07/27/2015,4.4,ReagentA-93-570,10/22/2015,,,MaterialA-29-78,,ReagentD-89-811,ReagentE-9-343,1.0,07/01/2017,ReagentF-3-623,14.6,2.303531330388,44.0,91.88550748453999,Stat,ChemistL
1212844,07/28/2015,4.4,ReagentA-94-112,10/27/2015,,,MaterialA-29-78,,ReagentD-89-811,ReagentE-9-343,1.0,07/01/2017,ReagentF-3-623,14.6,2.0913860637779997,44.0,92.2063590602,Stat,ChemistL
1214991,07/29/2015,4.4,ReagentA-94-112,10/27/2015,,,MaterialA-29-78,,ReagentD-89-811,ReagentE-9-343,1.0,07/01/2017,ReagentF-3-623,14.6,2.042786658564,44.0,92.25593169282,Stat,ChemistL
1215479,07/30/2015,4.300000000000001,ReagentA-92-273,10/23/2015,,,MaterialA-33-848,,ReagentD-89-811,ReagentE-9-343,1.0,07/01/2017,ReagentF-3-623,14.6,2.267356487952,41.0,91.91393094296001,Stat,ChemistL
1215594,07/30/2015,4.4,ReagentA-94-112,10/27/2015,,,MaterialA-29-78,,ReagentD-89-811,ReagentE-9-343,1.0,07/01/2017,ReagentF-3-623,14.6,,44.0,,Stat,ChemistG
1216606,04/03/2015,4.300000000000001,ReagentA-93-570,10/22/2015,,,MaterialA-33-848,,ReagentD-89-811,ReagentE-9-343,1.0,07/01/2017,ReagentF-3-623,14.6,2.752151970222,44.0,91.44589248326001,Stat,ChemistG
1217788,08/04/2015,4.4,ReagentA-93-570,10/22/2015,,,MaterialA-33-848,,ReagentD-89-811,ReagentE-9-343,1.0,07/01/2017,ReagentF-3-623,14.6,2.249945520534,44.0,92.0781643145,Stat,ChemistG
1220037,08/05/2015,4.300000000000001,ReagentA-95-484,11/04/2015,,,MaterialA-33-848,,ReagentD-90-987,ReagentE-9-343,1.0,07/01/2017,ReagentF-3-623,14.6,2.27416569981,41.0,92.06995159698,Stat,ChemistG
1220502,08/06/2015,4.4,ReagentA-95-484,11/04/2015,,,MaterialA-34-490,,ReagentD-90-987,ReagentE-9-343,1.0,07/01/2017,ReagentF-3-623,14.6,2.189126879358,44.0,92.48240028971999,Stat,ChemistG
1221477,08/11/2015,4.4,ReagentA-91-385,10/17/2015,,,MaterialA-35-476,,ReagentD-88-24,ReagentE-9-343,1.0,07/01/2017,ReagentF-3-623,14.6,,187.0,,LIN,ChemistK
1221641,08/17/2015,4.300000000000001,ReagentA-96-330,11/14/2015,,,MaterialA-33-848,,ReagentD-91-295,ReagentE-9-343,1.0,07/01/2017,ReagentF-3-623,14.6,2.160821871606,41.0,92.11332566198,Stat,ChemistL
1224928,08/13/2015,4.4,ReagentA-97-185,11/13/2015,,,MaterialA-35-476,,ReagentD-92-125,ReagentE-9-343,1.0,07/01/2017,ReagentF-3-623,14.6,2.31693,187.0,91.80297,LIN,ChemistK
1226230,08/17/2015,4.4,ReagentA-98-171,11/14/2015,,,MaterialA-34-490,,ReagentD-93-900,ReagentE-9-343,1.0,07/01/2017,ReagentF-3-623,14.6,2.111845805382,44.0,92.36675893339999,Stat,ChemistG
1226691,08/18/2015,4.4,ReagentA-98-171,11/14/2015,,,MaterialA-36-977,,ReagentD-91-295,ReagentE-9-343,1.0,07/01/2017,ReagentF-3-623,14.6,2.362842308952,45.0,92.26448376866,Stat,ChemistG
1226693,08/18/2015,4.300000000000001,ReagentA-96-330,11/14/2015,,,MaterialA-33-848,,ReagentD-91-295,ReagentE-9-343,1.0,07/01/2017,ReagentF-3-623,14.6,2.029738054584,41.0,92.36936539138001,Stat,ChemistL
1226790,08/18/2015,4.5,ReagentA-98-171,11/14/2015,,,MaterialA-34-490,,ReagentD-90-987,ReagentE-9-343,1.0,07/01/2017,ReagentF-3-623,14.6,2.293447356612,42.0,91.94989236733998,Stat,ChemistG
1229725,08/19/2015,4.4,ReagentA-99-304,11/18/2015,,,MaterialA-33-848,,ReagentD-90-987,ReagentE-9-343,1.0,07/01/2017,ReagentF-3-623,14.6,,42.0,,Stat,ChemistG
1229741,08/19/2015,4.300000000000001,ReagentA-100-6,11/18/2015,,,MaterialA-34-490,,ReagentD-91-295,ReagentE-9-343,1.0,07/01/2017,ReagentF-3-623,14.6,1.926148420488,41.0,92.07933550956,Stat,ChemistL
1229805,08/19/2015,4.4,ReagentA-96-330,11/14/2015,,,MaterialA-36-977,,ReagentD-90-987,ReagentE-9-343,1.0,07/01/2017,ReagentF-3-623,14.6,2.238244147344,46.0,92.43710915754,Stat,ChemistG
1231879,08/24/2015,4.4,ReagentA-99-304,11/18/2015,,,MaterialA-33-848,,ReagentD-89-811,ReagentE-9-343,1.0,07/01/2017,ReagentF-3-623,14.6,2.2820350515239998,42.0,92.01432961252,Stat,ChemistG
1232310,08/24/2015,4.300000000000001,ReagentA-100-6,11/18/2015,,,MaterialA-36-977,,ReagentD-91-295,ReagentE-9-343,1.0,07/01/2017,ReagentF-3-623,14.6,2.126768979744,41.0,92.46919431148001,Stat,ChemistL
1245219,09/10/2015,4.6000000000000005,ReagentA-99-304,11/18/2015,,,MaterialA-36-977,,ReagentD-94-797,ReagentE-9-343,1.0,07/01/2017,ReagentF-3-623,14.6,2.3142361974420003,32.0,92.1751747644,Stat,ChemistG
1260346,10/01/2015,,ReagentA-99-304,11/18/2015,,,MaterialA-36-977,,ReagentD-90-987,ReagentE-9-343,1.0,07/01/2017,ReagentF-3-623,14.6,2.3724608331660004,33.0,91.93536793923998,Stat,ChemistB
1264648,10/09/2015,4.4,ReagentA-97-185,11/13/2015,,,MaterialA-32-521,,ReagentD-88-24,ReagentE-9-343,1.0,07/01/2017,ReagentF-3-623,14.6,2.30724,187.0,91.45262,LIN,ChemistK
1267309,10/13/2015,4.4,ReagentA-101-458,01/05/2016,,,MaterialA-36-977,,ReagentD-95-257,ReagentE-9-343,1.0,07/01/2017,ReagentF-3-623,14.6,,44.0,,Stat,ChemistG
1267311,10/13/2015,4.4,ReagentA-102-938,01/05/2016,,,MaterialA-29-78,,ReagentD-95-257,ReagentE-9-343,1.0,07/01/2017,ReagentF-3-623,14.6,,46.0,,Stat,ChemistG
1270088,10/14/2015,4.4,ReagentA-101-458,01/05/2016,,,MaterialA-36-977,,ReagentD-95-257,ReagentE-9-343,1.0,07/01/2017,ReagentF-3-623,14.6,2.239896299994,44.0,91.8397351753,Stat,ChemistG
1270091,10/14/2015,4.4,ReagentA-99-304,11/18/2015,,,MaterialA-33-848,,ReagentD-95-257,ReagentE-9-343,1.0,07/01/2017,ReagentF-3-623,14.6,,45.0,,Stat,ChemistG
1270093,10/14/2015,4.4,ReagentA-102-938,01/05/2016,,,MaterialA-29-78,,ReagentD-95-257,ReagentE-9-343,1.0,07/01/2017,ReagentF-3-623,14.6,2.223927092682,46.0,91.8925344001,Stat,ChemistG
1271379,10/16/2015,4.4,ReagentA-99-304,11/18/2015,,,MaterialA-33-848,,ReagentD-95-257,ReagentE-9-343,1.0,07/01/2017,ReagentF-3-623,14.6,2.15300135994,45.0,91.97697515831999,Stat,ChemistG
1274587,10/22/2015,4.4,ReagentA-97-185,11/13/2015,,,MaterialA-32-521,,ReagentD-96-32,ReagentE-9-343,1.0,07/01/2017,ReagentF-3-623,14.6,,187.0,,LIN,ChemistK
1276192,10/26/2015,4.4,ReagentA-101-458,01/05/2016,,,MaterialA-36-977,,ReagentD-97-981,ReagentE-9-343,1.0,07/01/2017,ReagentF-3-623,14.6,2.168174285994,44.0,91.56877717736,Stat,ChemistO
1277155,10/27/2015,4.300000000000001,ReagentA-99-304,11/18/2015,,,MaterialA-33-848,,ReagentD-98-822,ReagentE-9-343,1.0,07/01/2017,ReagentF-3-623,14.6,2.1141568570200002,31.0,91.9544099194,Stat,ChemistL
1279786,11/10/2015,4.4,ReagentA-103-481,02/04/2016,,,MaterialA-37-683,,ReagentD-99-864,ReagentE-9-343,1.0,07/01/2017,ReagentF-3-623,14.6,2.2210500000000004,365.0,91.93086,LIN,ChemistK
1285740,11/10/2015,4.4,ReagentA-103-481,02/04/2016,,,MaterialA-37-683,,ReagentD-99-864,ReagentE-9-343,1.0,07/01/2017,ReagentF-3-623,14.6,2.26236,365.0,91.95977,LIN,ChemistK
1293067,11/18/2015,4.300000000000001,ReagentA-104-978,02/17/2016,,,MaterialA-33-848,,ReagentD-100-508,ReagentE-9-343,1.0,07/01/2017,ReagentF-3-623,14.6,2.3089768557959998,42.0,91.74065287506001,Stat,ChemistB
1294346,11/20/2015,4.6000000000000005,ReagentA-104-978,02/17/2016,,,MaterialA-33-848,,ReagentD-101-47,ReagentE-9-343,1.0,07/01/2017,ReagentF-3-623,14.6,2.320141456026,42.0,91.6836402755,Stat,ChemistB
1298722,12/02/2015,4.4,ReagentA-103-481,02/04/2016,,,MaterialA-38-500,,ReagentD-99-864,ReagentE-9-343,1.0,07/01/2017,ReagentF-3-623,14.6,2.4107700000000003,364.0,91.32816,LIN,ChemistK
1309923,12/14/2015,4.300000000000001,ReagentA-104-978,02/17/2016,,,MaterialA-33-848,,ReagentD-102-331,ReagentE-9-343,1.0,07/01/2017,ReagentF-3-623,14.6,2.219122679196,32.0,91.91714307426001,Stat,ChemistG
1323337,01/05/2016,4.4,ReagentA-103-481,02/04/2016,,,MaterialA-39-14,,ReagentD-103-140,ReagentE-9-343,1.0,07/01/2017,ReagentF-3-623,14.6,2.18586,187.0,92.22192,LIN,ChemistK
1323588,01/06/2016,4.4,ReagentA-105-240,04/04/2016,,,MaterialA-33-848,,ReagentD-104-298,ReagentE-9-343,1.0,07/01/2017,ReagentF-3-623,14.6,2.167767028044,44.0,92.01014935588,Stat,ChemistL
1323630,01/06/2016,4.4,ReagentA-105-240,04/04/2016,,,MaterialA-33-848,,ReagentD-104-298,ReagentE-9-343,1.0,07/01/2017,ReagentF-3-623,14.6,,44.0,,Stat,ChemistL
1331141,01/15/2016,4.4,ReagentA-105-240,04/04/2016,,,MaterialA-33-848,,ReagentD-105-993,ReagentE-9-343,1.0,07/01/2017,ReagentF-3-623,14.6,2.306506685178,44.0,91.76023831813998,Stat,ChemistG
1332022,01/19/2016,4.4,ReagentA-103-481,02/04/2016,,,MaterialA-40-152,,ReagentD-106-143,ReagentE-9-343,1.0,07/01/2017,ReagentF-3-623,14.6,2.1068100000000003,440.0,92.31257,LIN,ChemistM
1339983,01/27/2016,4.4,ReagentA-105-240,04/04/2016,,,MaterialA-33-848,,ReagentD-107-780,ReagentE-9-343,1.0,07/01/2017,ReagentF-3-623,14.6,2.1584789079420004,44.0,91.8950828019,Stat,ChemistE
1350445,02/04/2016,4.4,ReagentA-106-114,04/06/2016,,,MaterialA-33-848,,ReagentD-105-993,ReagentE-9-343,1.0,07/01/2017,ReagentF-3-623,14.6,2.17205945508,45.0,91.80570125216,Stat,ChemistG
1351732,02/08/2016,4.4,ReagentA-106-114,04/06/2016,,,MaterialA-41-891,,ReagentD-105-993,ReagentE-9-343,1.0,07/01/2017,ReagentF-3-623,14.6,,45.0,,Stat,ChemistG
1351733,02/08/2016,4.4,ReagentA-106-114,04/06/2016,,,MaterialA-41-891,,ReagentD-105-993,ReagentE-9-343,1.0,07/01/2017,ReagentF-3-623,14.6,,45.0,,Stat,ChemistG
1355666,02/16/2016,4.4,ReagentA-106-114,04/06/2016,,,MaterialA-41-891,,ReagentD-105-993,ReagentE-9-343,1.0,07/01/2017,ReagentF-3-623,14.6,2.1904487401979997,45.0,92.31385592562,Stat,ChemistG
1363047,02/25/2016,4.4,ReagentA-107-700,05/23/2016,,,MaterialA-37-683,,ReagentD-103-140,ReagentE-9-343,1.0,07/01/2017,ReagentF-3-623,14.6,2.30265,187.0,91.72555,LIN,ChemistH
1368824,03/04/2016,4.4,ReagentA-108-566,06/04/2016,,,MaterialA-41-891,,ReagentD-108-681,ReagentE-9-343,1.0,07/01/2017,ReagentF-3-623,14.6,2.17387339809,45.0,92.16736265716001,Stat,ChemistE
1369252,03/07/2016,4.4,ReagentA-108-566,06/04/2016,,,MaterialA-41-891,,ReagentD-108-681,ReagentE-9-343,1.0,07/01/2017,ReagentF-3-623,14.6,2.128594492614,45.0,92.22928646596002,Stat,ChemistE
1369714,03/08/2016,4.4,ReagentA-108-566,06/04/2016,,,MaterialA-33-848,,ReagentD-108-681,ReagentE-9-343,1.0,07/01/2017,ReagentF-3-623,14.6,,45.0,,Stat,ChemistE
1372001,03/09/2016,4.4,ReagentA-108-566,06/04/2016,,,MaterialA-33-848,,ReagentD-108-681,ReagentE-9-343,1.0,07/01/2017,ReagentF-3-623,14.6,2.171656175436,45.0,91.77469753116,Stat,ChemistE
1374345,03/15/2016,4.4,ReagentA-107-700,05/23/2016,,,MaterialA-40-152,,ReagentD-103-140,ReagentE-9-343,1.0,07/01/2017,ReagentF-3-623,14.6,2.25063,187.0,92.07639,LIN,ChemistK
1381553,03/24/2016,4.4,ReagentA-109-563,06/15/2016,,,MaterialA-41-891,,ReagentD-108-681,ReagentE-9-343,1.0,07/01/2017,ReagentF-3-623,14.6,2.192896389522,45.0,92.1652786411,Stat,ChemistG
1382351,03/28/2016,4.4,ReagentA-106-114,04/06/2016,,,MaterialA-42-427,,ReagentD-108-681,ReagentE-9-343,1.0,07/01/2017,ReagentF-3-623,14.6,,45.0,,Stat,ChemistG
1385506,03/30/2016,4.300000000000001,ReagentA-110-196,04/30/2016,,,MaterialA-41-891,,ReagentD-109-911,ReagentE-9-343,1.0,07/01/2017,ReagentF-3-623,14.6,2.2286501400540004,32.0,91.88823540666002,Stat,ChemistE
1385887,03/31/2016,4.4,ReagentA-111-407,06/30/2016,,,MaterialA-43-218,,ReagentD-108-681,ReagentE-9-343,1.0,07/01/2017,ReagentF-3-623,14.6,,45.0,,Stat,ChemistG
1387081,04/06/2016,4.4,ReagentA-107-700,05/23/2016,,,MaterialA-44-491,,ReagentD-110-114,ReagentE-9-343,1.0,07/01/2017,ReagentF-3-623,14.6,2.16801,187.0,91.82355,LIN,ChemistH
1390206,04/08/2016,4.4,ReagentA-107-700,05/23/2016,,,MaterialA-37-683,,ReagentD-110-114,ReagentE-9-343,1.0,07/01/2017,ReagentF-3-623,14.6,2.13588,187.0,92.01563,LIN,ChemistH
1393920,04/13/2016,4.300000000000001,ReagentA-111-407,06/30/2016,,,MaterialA-43-218,,ReagentD-111-23,ReagentE-9-343,1.0,07/01/2017,ReagentF-3-623,14.6,2.2396220945159997,32.0,92.1216776571,Stat,ChemistE
1394132,04/14/2016,4.4,ReagentA-107-700,05/23/2016,,,MaterialA-45-857,,ReagentD-110-114,ReagentE-9-343,1.0,07/01/2017,ReagentF-3-623,15.6,2.0160299999999998,187.0,92.07296,LIN,ChemistH
1397861,04/20/2016,4.4,ReagentA-110-196,06/30/2016,,,MaterialA-43-218,,ReagentD-112-746,ReagentE-9-343,1.0,07/01/2017,ReagentF-3-623,15.6,2.2672703643539998,45.0,91.77185260782,Stat,ChemistG
1397990,04/21/2016,4.4,ReagentA-107-700,05/23/2016,,,MaterialA-46-170,,ReagentD-110-114,ReagentE-9-343,1.0,07/01/2017,ReagentF-3-623,15.6,1.9094400000000002,187.0,92.12441,LIN,ChemistM
1407619,05/10/2016,4.300000000000001,ReagentA-112-36,08/10/2016,,,MaterialA-43-218,,ReagentD-112-746,ReagentE-9-343,1.0,07/01/2017,ReagentF-3-623,15.6,2.146605255732,40.0,92.1896446849,Stat,ChemistL
1410278,05/11/2016,4.300000000000001,ReagentA-112-36,08/10/2016,,,MaterialA-43-218,,ReagentD-112-746,ReagentE-9-343,1.0,07/01/2017,ReagentF-3-623,15.6,2.15012921385,40.0,92.05902374143999,Stat,ChemistL
1410406,05/12/2016,4.4,ReagentA-113-426,08/04/2016,,,MaterialA-47-721,,ReagentD-113-840,ReagentE-9-343,1.0,07/01/2017,ReagentF-3-623,15.6,2.21085,187.0,91.93429,LIN,ChemistH
1413937,05/18/2016,4.4,ReagentA-114-780,06/30/2016,,,MaterialA-43-218,,ReagentD-112-746,ReagentE-9-343,1.0,07/01/2017,ReagentF-3-623,15.6,2.167350188112,45.0,91.9433733603,Stat,ChemistE
1418411,05/25/2016,4.300000000000001,ReagentA-114-780,06/30/2016,,,MaterialA-43-218,,ReagentD-112-746,ReagentE-9-343,1.0,07/01/2017,ReagentF-3-623,15.6,2.188592980248,32.0,91.9101415162,Stat,ChemistE
1423068,06/03/2016,4.4,ReagentA-113-426,08/04/2016,,,MaterialA-48-533,,ReagentD-114-281,ReagentE-9-343,1.0,07/01/2017,ReagentF-3-623,15.6,2.52093,187.0,91.33894000000001,LIN,ChemistH
1432281,06/20/2016,4.4,ReagentA-115-207,09/14/2016,,,MaterialA-43-218,,ReagentD-112-746,ReagentE-9-343,1.0,07/01/2017,ReagentF-3-623,15.6,,45.0,,Stat,ChemistQ
1432863,06/21/2016,4.4,ReagentA-115-207,09/14/2016,,,MaterialA-43-218,,ReagentD-115-480,ReagentE-9-343,1.0,07/01/2017,ReagentF-3-623,15.6,2.07366,43.0,92.14646,Stat,ChemistQ
1435418,06/22/2016,4.4,ReagentA-116-979,09/22/2016,,,MaterialA-43-218,,ReagentD-115-480,ReagentE-9-343,1.0,07/01/2017,ReagentF-3-623,15.6,2.088290429058,43.0,92.13796079222,Stat,ChemistQ
1436611,06/28/2016,4.4,ReagentA-116-979,09/21/2016,,,MaterialA-41-891,,ReagentD-115-480,ReagentE-9-343,1.0,07/01/2017,ReagentF-3-623,15.6,2.136757430214,43.0,91.76911156643999,Stat,ChemistE
1440218,07/05/2016,4.4,ReagentA-117-930,09/30/2016,,,MaterialA-49-107,,ReagentD-116-385,ReagentE-9-343,1.0,07/01/2017,ReagentF-3-623,15.6,2.20524,187.0,91.68782,LIN,ChemistM
1442691,07/06/2016,4.4,ReagentA-117-930,09/30/2016,,,MaterialA-49-107,,ReagentD-116-385,ReagentE-9-343,1.0,07/01/2017,ReagentF-3-623,15.6,2.20932,187.0,91.62951,LIN,ChemistM
1444914,07/12/2016,4.4,ReagentA-118-924,09/14/2016,,,MaterialA-43-218,,ReagentD-117-895,ReagentE-9-343,1.0,07/01/2017,ReagentF-3-623,15.6,2.054937524844,43.0,92.16206190968,Stat,ChemistE
1447201,07/14/2016,4.4,ReagentA-117-930,09/30/2016,,,MaterialA-50-213,,ReagentD-118-261,ReagentE-9-343,1.0,07/01/2017,ReagentF-3-623,15.6,2.0690700000000004,187.0,92.14401000000001,LIN,ChemistM
1451265,07/20/2016,4.4,ReagentA-119-708,10/20/2016,,,MaterialA-41-891,,ReagentD-115-480,ReagentE-9-343,1.0,07/01/2017,ReagentF-3-623,15.6,2.141417804196,43.0,91.8484641431,Stat,ChemistE
1457158,08/01/2016,4.300000000000001,ReagentA-119-708,10/20/2016,,,MaterialA-41-891,,ReagentD-119-325,ReagentE-9-343,1.0,07/01/2017,ReagentF-3-623,2.6,2.148957103596,32.0,92.09702692329999,Stat,ChemistE
1469996,08/24/2016,4.4,ReagentA-117-930,09/30/2016,,,MaterialA-50-213,,ReagentD-118-261,ReagentE-9-343,1.0,07/01/2017,ReagentF-3-623,15.6,2.54337,187.0,90.96065999999999,LIN,ChemistH
1472929,08/24/2016,4.4,ReagentA-120-125,09/14/2016,,,MaterialA-43-218,,ReagentD-120-486,ReagentE-9-343,1.0,07/01/2017,ReagentF-3-623,15.6,,43.0,,Stat,ChemistB
1474215,08/29/2016,4.4,ReagentA-121-897,11/26/2016,,,MaterialA-51-643,,ReagentD-118-261,ReagentE-9-343,1.0,07/01/2017,ReagentF-3-623,15.6,2.27511,187.0,91.54424999999999,LIN,ChemistH
1474995,08/30/2016,4.4,ReagentA-122-937,11/30/2016,,,MaterialA-41-891,,ReagentD-121-372,ReagentE-9-343,1.0,07/01/2017,ReagentF-3-623,15.6,,44.0,,Stat,ChemistB
1477886,09/01/2016,4.4,ReagentA-122-937,11/30/2016,,,MaterialA-52-900,,ReagentD-121-372,ReagentE-9-343,1.0,07/01/2017,ReagentF-3-623,15.6,2.190690541908,44.0,91.73085936951999,Stat,ChemistE
1477897,09/01/2016,4.4,ReagentA-122-937,11/30/2016,,,MaterialA-52-900,,ReagentD-121-372,ReagentE-10-590,1.0,07/01/2017,ReagentF-3-623,15.6,2.059210484058,44.0,92.84044498511999,Stat,ChemistE
1483438,09/13/2016,4.4,ReagentA-123-296,12/09/2016,,,MaterialA-52-900,,ReagentD-121-372,ReagentE-9-343,1.0,07/01/2017,ReagentF-3-623,15.6,1.9334527965480002,44.0,92.72532878630001,Stat,ChemistE
1484307,09/14/2016,4.4,ReagentA-124-788,12/09/2016,,,MaterialA-51-643,,ReagentD-122-72,ReagentE-9-343,1.0,07/01/2017,ReagentF-3-623,15.6,2.1063,187.0,92.45418,LIN,ChemistH
1485740,09/14/2016,4.4,ReagentA-123-296,12/09/2016,,,MaterialA-52-900,,ReagentD-121-372,ReagentE-9-343,1.0,07/01/2017,ReagentF-3-623,15.6,1.939853038794,44.0,92.61871570251999,Stat,ChemistE
1491936,09/26/2016,4.4,ReagentA-125-522,12/26/2016,,,MaterialA-53-266,,ReagentD-120-486,ReagentE-9-343,1.0,07/01/2017,ReagentF-3-623,15.6,1.988629897896,43.0,92.85620309406,Stat,ChemistE
1494734,09/28/2016,4.4,ReagentA-125-522,12/26/2016,,,MaterialA-53-266,,ReagentD-121-372,ReagentE-9-343,1.0,07/01/2017,ReagentF-3-623,15.6,2.1376015439639997,44.0,92.40299721464,Stat,ChemistE
1505912,10/17/2016,4.4,ReagentA-126-799,01/14/2017,,,MaterialA-54-492,,ReagentD-123-167,ReagentE-9-343,1.0,07/01/2017,ReagentF-3-623,15.6,2.589071454246,46.0,91.76555446436,Stat,ChemistE
1506173,10/18/2016,4.4,ReagentA-126-799,01/14/2017,,,MaterialA-55-424,,ReagentD-123-167,ReagentE-9-343,1.0,07/01/2017,ReagentF-3-623,15.6,2.2155886021680002,46.0,92.34338427523998,Stat,ChemistE
1506182,10/18/2016,4.4,ReagentA-127-247,01/14/2017,,,MaterialA-52-900,,ReagentD-121-372,ReagentE-9-343,1.0,07/01/2017,ReagentF-3-623,15.6,2.083995521586,44.0,92.30630974922,Stat,ChemistE
1513372,10/27/2016,4.4,ReagentA-128-535,12/16/2016,,,MaterialA-56-323,,ReagentD-124-452,ReagentE-9-343,1.0,07/01/2017,ReagentF-3-623,15.6,2.3919,186.0,94.01140000000001,LIN,ChemistN
1514106,10/28/2016,4.4,ReagentA-128-535,12/16/2016,,,MaterialA-57-645,,ReagentD-125-885,ReagentE-9-343,1.0,07/01/2017,ReagentF-3-623,15.6,2.0160299999999998,186.0,91.82894,LIN,ChemistN
1514269,10/28/2016,4.4,ReagentA-129-481,01/27/2017,,,MaterialA-55-424,,ReagentD-121-372,ReagentE-9-343,1.0,07/01/2017,ReagentF-3-623,15.6,2.275394178324,44.0,92.00267438922,Stat,ChemistB
1514786,10/31/2016,4.4,ReagentA-130-888,01/31/2017,,,MaterialA-52-900,,ReagentD-126-552,ReagentE-9-343,1.0,07/01/2017,ReagentF-3-623,15.6,2.0106783580439997,46.0,92.2460419111,Stat,ChemistL
1517165,11/02/2016,4.4,ReagentA-131-473,01/14/2017,,,MaterialA-57-645,,ReagentD-127-470,ReagentE-9-343,1.0,07/01/2017,ReagentF-3-623,15.6,,186.0,,LIN,ChemistN
1517220,11/02/2016,4.4,ReagentA-130-888,01/31/2017,,,MaterialA-58-956,,ReagentD-126-552,ReagentE-9-343,1.0,07/01/2017,ReagentF-3-623,15.6,2.553576284424,46.0,92.07110569496,Stat,ChemistB
1517748,11/03/2016,4.4,ReagentA-132-801,01/14/2017,,,MaterialA-58-956,,ReagentD-121-372,ReagentE-9-343,1.0,07/01/2017,ReagentF-3-623,15.6,,44.0,,Stat,ChemistB
1517911,11/04/2016,4.4,ReagentA-133-669,12/22/2016,,,MaterialA-59-202,,ReagentD-127-470,ReagentE-9-343,1.0,07/01/2017,ReagentF-3-623,15.6,,187.0,,LIN,ChemistN
1517961,11/04/2016,4.4,ReagentA-132-801,01/14/2017,,,MaterialA-58-956,,ReagentD-121-372,ReagentE-9-343,1.0,07/01/2017,ReagentF-3-623,15.6,2.439251609532,44.0,91.90219562328001,Stat,ChemistB
1517966,11/04/2016,4.4,ReagentA-130-888,01/31/2017,,,MaterialA-53-266,,ReagentD-126-552,ReagentE-9-343,1.0,07/01/2017,ReagentF-3-623,15.6,,46.0,,Stat,ChemistE
1518559,11/07/2016,4.4,ReagentA-129-481,01/27/2017,,,MaterialA-58-956,,ReagentD-121-372,ReagentE-9-343,1.0,07/01/2017,ReagentF-3-623,15.6,,44.0,,Stat,ChemistE
1518608,11/07/2016,4.4,ReagentA-134-123,02/07/2017,,,MaterialA-53-266,,ReagentD-126-552,ReagentE-9-343,1.0,07/01/2017,ReagentF-3-623,15.6,2.1332398103759997,46.0,92.2563690776,Stat,ChemistE
1518695,11/08/2016,4.4,ReagentA-133-669,12/22/2016,,,MaterialA-60-262,,ReagentD-127-470,,1.0,07/01/2017,ReagentF-3-623,15.6,,187.0,,LIN,ChemistN
1518707,11/07/2016,4.4,ReagentA-133-669,12/22/2016,,,MaterialA-60-262,,ReagentD-127-470,,1.0,07/01/2017,ReagentF-3-623,15.6,,187.0,,LIN,ChemistN
1521062,11/09/2016,4.4,ReagentA-133-669,12/22/2016,,,MaterialA-60-262,,ReagentD-127-470,,1.0,07/01/2017,ReagentF-3-623,15.6,,187.0,,LIN,ChemistN
1521933,11/11/2016,4.4,ReagentA-128-535,12/16/2016,,,MaterialA-57-645,,ReagentD-127-470,,1.0,07/01/2017,ReagentF-3-623,16.6,,187.0,,LIN,ChemistN
1522077,11/11/2016,4.4,ReagentA-129-481,01/27/2017,,,MaterialA-61-600,,ReagentD-128-337,ReagentE-9-343,1.0,07/01/2017,ReagentF-3-623,25.6,2.00519033658,43.0,92.97406721582,Stat,ChemistE
1522244,11/14/2016,4.4,ReagentA-128-535,12/16/2016,,,MaterialA-57-645,,ReagentD-127-470,ReagentE-9-343,1.0,07/01/2017,ReagentF-3-623,16.6,,187.0,,LIN,ChemistN
1522361,11/14/2016,4.4,ReagentA-129-481,01/14/2017,,,MaterialA-61-600,,ReagentD-121-372,ReagentE-9-343,1.0,07/01/2017,ReagentF-3-623,15.6,2.0723476141440003,44.0,92.52241272638,Stat,ChemistE
1524636,11/16/2016,4.4,,,,,,,,,,,,16.6,,187.0,,LIN,ChemistN
1524637,11/16/2016,4.4,,,,,,,,,,,,16.6,,187.0,,LIN,ChemistN
1524709,11/16/2016,4.4,ReagentA-135-791,01/14/2017,,,MaterialA-62-360,,ReagentD-129-491,ReagentE-9-343,1.0,07/01/2017,ReagentF-3-623,16.6,2.18025,186.0,92.09795000000001,LIN,ChemistH
1524976,11/17/2016,4.4,ReagentA-133-669,12/22/2016,,,MaterialA-63-357,,ReagentD-127-470,,1.0,07/01/2017,ReagentF-3-623,16.6,,187.0,,LIN,ChemistN
1525176,11/17/2016,4.4,ReagentA-134-123,02/07/2017,,,MaterialA-53-266,,ReagentD-130-279,ReagentE-9-343,1.0,07/01/2017,ReagentF-3-623,16.6,2.296895029134,44.0,91.83497830528,Stat,ChemistE
1525427,11/18/2016,4.4,ReagentA-136-111,02/17/2017,,,MaterialA-64-340,,ReagentD-131-938,ReagentE-9-343,1.0,07/01/2017,ReagentF-3-623,16.6,,46.0,,Stat,ChemistE
1525657,11/21/2016,4.4,ReagentA-137-269,02/10/2017,,,MaterialA-65-766,,ReagentD-127-470,,1.0,07/01/2017,ReagentF-3-623,16.6,,187.0,,LIN,ChemistN
1525861,11/21/2016,4.4,ReagentA-136-111,02/17/2017,,,MaterialA-55-424,,ReagentD-126-552,ReagentE-9-343,1.0,07/01/2017,ReagentF-3-623,16.6,2.1084817056419998,46.0,92.14642566961999,Stat,ChemistE
1526125,11/22/2016,4.4,ReagentA-138-632,02/21/2017,,,MaterialA-61-600,,ReagentD-126-552,ReagentE-9-343,1.0,07/01/2017,ReagentF-3-623,16.6,2.372012714424,46.0,91.9753468403,Stat,ChemistB
1526363,11/23/2016,4.4,ReagentA-137-269,02/10/2017,,,MaterialA-65-766,,ReagentD-127-470,,1.0,07/01/2017,ReagentF-3-623,16.6,,187.0,,LIN,ChemistN
1526438,11/23/2016,4.4,ReagentA-131-473,01/14/2017,,,MaterialA-66-195,,ReagentD-132-262,ReagentE-9-343,1.0,07/01/2017,ReagentF-3-623,16.6,2.36487,440.0,91.50603000000001,LIN,ChemistH
1528899,11/24/2016,4.4,ReagentA-131-473,01/14/2017,,,MaterialA-66-195,,ReagentD-129-491,ReagentE-9-343,1.0,07/01/2017,ReagentF-3-623,16.6,2.18892,186.0,91.79267999999999,LIN,ChemistN
1528919,11/24/2016,4.4,,,,,,,,ReagentE-9-343,1.0,07/01/2017,ReagentF-3-623,16.6,,187.0,,LIN,ChemistN
1529216,11/28/2016,4.4,ReagentA-137-269,02/10/2017,,,MaterialA-67-599,,ReagentD-129-491,ReagentE-9-343,1.0,07/01/2017,ReagentF-3-623,16.6,2.08488,186.0,91.91812,LIN,ChemistN
1531703,12/01/2016,4.4,ReagentA-139-803,02/25/2017,,,MaterialA-62-360,,ReagentD-129-491,ReagentE-9-343,1.0,07/01/2017,ReagentF-3-623,16.6,2.48931,440.0,91.62657,LIN,ChemistN
1531752,12/01/2016,4.4,ReagentA-137-269,02/10/2017,,,,,ReagentD-127-470,ReagentE-9-343,1.0,07/01/2017,ReagentF-3-623,16.6,,187.0,,LIN,ChemistN
1532081,12/02/2016,4.4,ReagentA-140-848,02/25/2017,,,,,ReagentD-127-470,,1.0,07/01/2017,ReagentF-3-623,6.6,,187.0,,LIN,ChemistN
1532405,12/02/2016,4.4,ReagentA-141-343,01/14/2017,,,MaterialA-55-424,,ReagentD-126-552,ReagentE-9-343,1.0,07/01/2017,ReagentF-3-623,16.6,2.19620145564,46.0,92.19636807584,Stat,ChemistE
1532545,12/05/2016,4.4,ReagentA-142-915,03/02/2017,,,MaterialA-68-107,,ReagentD-133-584,ReagentE-9-343,1.0,07/01/2017,ReagentF-3-623,16.6,2.1426817494360004,440.0,91.83785217586,LIN,ChemistR
1538941,12/14/2016,4.4,ReagentA-143-433,03/02/2017,,,MaterialA-69-856,,ReagentD-129-491,ReagentE-9-343,1.0,07/01/2017,ReagentF-3-623,16.6,2.398970307174,186.0,91.73454622556,LIN,ChemistR
1540184,12/19/2016,4.4,ReagentA-140-848,02/25/2017,,,MaterialA-62-360,,ReagentD-134-141,ReagentE-9-343,1.0,07/01/2017,ReagentF-3-623,16.6,2.13537,186.0,92.15626,LIN,ChemistN
1548476,01/05/2017,4.4,ReagentA-144-836,04/04/2017,,,MaterialA-61-600,,ReagentD-135-415,ReagentE-9-343,1.0,07/01/2017,ReagentF-3-623,16.6,2.1257279385720005,46.0,92.1588474205,Stat,ChemistL
1548539,01/06/2017,4.4,ReagentA-140-848,02/25/2017,,,MaterialA-67-599,,ReagentD-134-141,ReagentE-9-343,1.0,07/01/2017,ReagentF-3-623,16.6,2.20473,186.0,91.70938,LIN,ChemistN
1550852,01/11/2017,4.4,ReagentA-140-848,02/25/2017,,,MaterialA-67-599,,ReagentD-136-252,ReagentE-9-343,1.0,07/01/2017,ReagentF-3-623,16.6,2.1450600000000004,186.0,91.93919,LIN,ChemistN
1557482,01/26/2017,4.4,ReagentA-145-409,04/26/2017,,,MaterialA-55-424,,ReagentD-137-242,ReagentE-9-343,1.0,07/01/2017,ReagentF-3-623,16.6,2.077496071284,44.0,92.31383460277999,Stat,ChemistE
1564127,02/07/2017,4.4,ReagentA-144-836,04/04/2017,,,MaterialA-61-600,,ReagentD-138-716,ReagentE-9-343,1.0,07/01/2017,ReagentF-3-623,16.6,2.171185136478,46.0,92.0303023493,Stat,ChemistE
1572010,02/16/2017,4.4,ReagentA-144-836,04/04/2017,,,MaterialA-61-600,,ReagentD-138-716,ReagentE-9-343,1.0,07/01/2017,ReagentF-3-623,16.6,2.315931140214,46.0,91.89065754918,Stat,ChemistB
1574719,02/22/2017,4.4,ReagentA-140-848,02/25/2017,,,,,ReagentD-139-576,ReagentE-11-509,1.0,07/01/2017,ReagentF-3-623,16.6,2.3113200000000003,186.0,91.55258,LIN,ChemistN
1576380,11/28/2016,4.4,ReagentA-137-269,02/10/2017,,,MaterialA-65-766,,ReagentD-127-470,,1.0,07/01/2017,ReagentF-3-623,16.6,,187.0,,LIN,ChemistN
1576407,12/01/2016,4.4,ReagentA-137-269,02/10/2017,,,MaterialA-65-766,,ReagentD-127-470,,1.0,07/01/2017,ReagentF-3-623,16.6,,187.0,,LIN,ChemistN
1578600,12/02/2016,4.4,ReagentA-137-269,02/10/2017,,,MaterialA-65-766,,ReagentD-127-470,,1.0,07/01/2017,ReagentF-3-623,16.6,,187.0,,LIN,ChemistN
1581647,03/07/2017,4.4,ReagentA-145-409,04/26/2017,,,MaterialA-55-424,,ReagentD-138-716,ReagentE-9-343,1.0,07/01/2017,ReagentF-3-623,16.6,2.179090179828,43.0,92.11953487043999,Stat,ChemistE
1583872,03/08/2017,4.4,ReagentA-145-409,04/26/2017,,,MaterialA-70-195,,ReagentD-138-716,ReagentE-9-343,1.0,07/01/2017,ReagentF-3-623,16.6,,43.0,,Stat,ChemistE
1584182,03/09/2017,4.4,ReagentA-146-252,06/08/2017,,,MaterialA-62-360,,ReagentD-140-827,ReagentE-9-343,1.0,07/01/2017,ReagentF-3-623,16.6,2.57397,186.0,91.28455,LIN,ChemistN
1584385,03/09/2017,4.4,ReagentA-144-836,04/04/2017,,,MaterialA-70-195,,ReagentD-138-716,ReagentE-9-343,1.0,07/01/2017,ReagentF-3-623,16.6,2.242992230616,43.0,92.11681213546001,Stat,ChemistE
1590549,03/21/2017,4.4,ReagentA-147-416,06/20/2017,,,MaterialA-71-861,,ReagentD-138-716,ReagentE-9-343,1.0,07/01/2017,ReagentF-3-623,16.6,2.162633885286,43.0,92.13348978820001,Stat,ChemistL
1600971,,,,,,,,,,,,,,,,,,NONE,
1601469,04/06/2017,4.4,ReagentA-146-252,06/08/2017,,,MaterialA-66-195,,ReagentD-141-749,ReagentE-9-343,1.0,09/29/2020,ReagentF-4-825,17.6,3.04878,187.0,91.15715,LIN,ChemistN
1603065,04/11/2017,4.4,ReagentA-146-252,06/08/2017,,,MaterialA-66-195,,ReagentD-141-749,ReagentE-9-343,1.0,09/29/2020,ReagentF-4-825,17.6,3.08856,187.0,91.47075000000001,LIN,ChemistN
1605621,04/12/2017,4.4,ReagentA-147-416,06/20/2017,,,MaterialA-71-861,,ReagentD-142-578,ReagentE-9-343,1.0,09/29/2020,ReagentF-4-825,17.6,,46.0,,Stat,ChemistL
1605884,04/13/2017,4.4,ReagentA-147-416,06/20/2017,,,MaterialA-71-861,,ReagentD-142-578,ReagentE-9-343,1.0,09/29/2020,ReagentF-4-825,17.6,3.0601923622080003,46.0,91.60720212672,Stat,ChemistL
1609235,04/19/2017,4.4,ReagentA-145-409,04/26/2017,,,MaterialA-71-861,,ReagentD-143-411,ReagentE-9-343,1.0,09/29/2020,ReagentF-4-825,17.6,,43.0,,Stat,ChemistL
1610142,04/21/2017,4.4,ReagentA-145-409,04/26/2017,,,MaterialA-71-861,,ReagentD-143-411,ReagentE-9-343,1.0,09/29/2020,ReagentF-4-825,17.6,3.070057431438,43.0,91.55514143188,Stat,ChemistL
1614594,04/28/2017,4.4,ReagentA-148-189,07/26/2017,,,MaterialA-61-600,,ReagentD-142-578,ReagentE-9-343,1.0,09/29/2020,ReagentF-4-825,17.6,3.00274900854,46.0,91.60244897678001,Stat,ChemistB
1618200,05/08/2017,4.4,ReagentA-146-252,06/08/2017,,,MaterialA-72-352,,ReagentD-144-126,ReagentE-9-343,1.0,09/29/2020,ReagentF-4-825,17.6,2.948222296422,187.0,91.38760272418,LIN,ChemistS
1619051,05/09/2017,4.4,ReagentA-146-252,06/08/2017,,,MaterialA-72-352,,ReagentD-144-126,ReagentE-12-591,1.0,09/29/2020,ReagentF-4-825,17.6,2.937311948226,187.0,91.23296270690001,LIN,ChemistS
1622288,05/11/2017,4.4,ReagentA-148-189,07/26/2017,,,MaterialA-53-266,,ReagentD-145-486,ReagentE-9-343,1.0,09/29/2020,ReagentF-4-825,17.6,2.927799933126,46.0,91.75508244013999,Stat,ChemistB
1629153,05/24/2017,4.300000000000001,ReagentA-148-189,07/26/2017,,,MaterialA-61-600,,ReagentD-146-858,ReagentE-9-343,1.0,09/29/2020,ReagentF-4-825,17.6,2.9981299992299997,37.0,91.51307813256001,Stat,ChemistE
1630383,05/31/2017,4.4,ReagentA-146-252,06/08/2017,,,MaterialA-73-308,,ReagentD-147-184,ReagentE-9-343,1.0,09/29/2020,ReagentF-4-825,18.6,2.9226289319460004,187.0,91.60738853252,LIN,ChemistS
1637618,06/08/2017,,ReagentA-149-800,09/08/2017,,,MaterialA-61-600,,ReagentD-148-574,ReagentE-9-343,1.0,09/29/2020,ReagentF-4-825,18.6,2.981167061814,37.0,91.6089927102,Stat,ChemistE
1638291,06/12/2017,,ReagentA-149-800,09/08/2017,,,MaterialA-61-600,,ReagentD-148-574,ReagentE-9-343,1.0,09/29/2020,ReagentF-4-825,18.6,3.0075733552740003,37.0,91.53588241013999,Stat,ChemistE
1645966,06/27/2017,4.800000000000001,ReagentA-149-800,09/08/2017,,,MaterialA-74-155,,ReagentD-148-574,ReagentE-9-343,1.0,09/29/2020,ReagentF-4-825,18.6,2.950730351166,37.0,91.4716490226,Stat,ChemistE
1647802,06/28/2017,4.6000000000000005,ReagentA-150-834,09/28/2017,,,MaterialA-74-155,,ReagentD-148-574,ReagentE-9-343,1.0,09/29/2020,ReagentF-4-825,18.6,2.9288998574700003,37.0,91.39474927421999,Stat,ChemistE
1648316,06/30/2017,4.4,ReagentA-151-816,09/29/2017,,,MaterialA-60-262,,ReagentD-149-959,ReagentE-9-343,1.0,09/29/2020,ReagentF-4-825,18.6,2.95339216173,187.0,90.83539334043999,LIN,ChemistN
1656094,07/11/2017,4.4,ReagentA-151-816,09/29/2017,,,MaterialA-60-262,,ReagentD-150-926,ReagentE-9-343,1.0,09/29/2020,ReagentF-4-825,18.6,2.9581309994160003,187.0,91.26346588603998,LIN,ChemistN
1665143,08/01/2017,4.4,ReagentA-150-834,09/28/2017,,,MaterialA-53-266,,ReagentD-151-262,ReagentE-9-343,1.0,09/29/2020,ReagentF-4-825,18.6,2.9597380440960004,44.0,91.63300626172,Stat,ChemistB
1667350,08/02/2017,4.4,ReagentA-152-630,10/31/2017,,,MaterialA-60-262,,ReagentD-152-434,ReagentE-9-343,1.0,09/29/2020,ReagentF-4-825,18.6,2.9340969446400003,384.0,91.29181330038001,LIN,ChemistN
1667682,08/03/2017,4.4,ReagentA-153-917,11/02/2017,,,MaterialA-53-266,,ReagentD-151-262,ReagentE-9-343,1.0,09/29/2020,ReagentF-4-825,18.6,2.9334655515840002,46.0,91.7062649965,Stat,ChemistB
1667686,08/03/2017,,ReagentA-153-917,11/02/2017,,,MaterialA-53-266,,ReagentD-151-262,ReagentE-9-343,1.0,09/29/2020,ReagentF-4-825,18.6,2.955695504922,46.0,91.66772189148,Stat,ChemistB
1684494,09/12/2017,4.800000000000001,ReagentA-154-290,12/05/2017,,,MaterialA-55-424,,ReagentD-153-373,ReagentE-9-343,1.0,09/29/2020,ReagentF-4-825,18.6,,32.0,,Stat,ChemistL
1687054,09/14/2017,4.6000000000000005,ReagentA-154-290,12/05/2017,,,MaterialA-55-424,,ReagentD-153-373,ReagentE-9-343,1.0,09/29/2020,ReagentF-4-825,18.6,2.993121928158,29.0,91.6235742478,Stat,ChemistL
1687246,09/15/2017,4.300000000000001,ReagentA-154-290,12/05/2017,,,MaterialA-55-424,,ReagentD-153-373,ReagentE-9-343,1.0,09/29/2020,ReagentF-4-825,18.6,3.013873658634,29.0,91.58195379676,Stat,ChemistL
1687459,09/20/2017,4.4,ReagentA-155-869,12/15/2017,,,MaterialA-75-756,,ReagentD-154-955,ReagentE-9-343,1.0,09/29/2020,ReagentF-4-825,18.6,2.979492423366,411.0,91.13802678763999,LIN,ChemistR
1689596,09/21/2017,4.6000000000000005,ReagentA-156-922,12/19/2017,,,MaterialA-71-861,,ReagentD-155-743,ReagentE-9-343,1.0,09/29/2020,ReagentF-4-825,18.6,2.9769593938199996,31.0,91.75313359743998,Stat,ChemistE
1690484,09/26/2017,4.4,ReagentA-151-816,09/29/2017,,,MaterialA-75-756,,ReagentD-154-955,ReagentE-9-343,1.0,09/29/2020,ReagentF-4-825,18.6,2.969867786088,411.0,91.26266494282,LIN,ChemistR
1693562,10/02/2017,4.4,ReagentA-157-830,01/02/2018,,,MaterialA-61-600,,ReagentD-153-373,ReagentE-9-343,1.0,09/29/2020,ReagentF-4-825,18.6,2.9143957229760002,43.0,91.72628147788,Stat,ChemistE
1693835,10/03/2017,4.4,ReagentA-157-830,01/02/2018,,,MaterialA-61-600,,ReagentD-153-373,ReagentE-9-343,1.0,09/29/2020,ReagentF-4-825,18.6,2.968804737906,43.0,91.64292865294,Stat,ChemistE
1695040,10/04/2017,4.4,ReagentA-152-630,10/31/2017,,,MaterialA-60-262,,ReagentD-156-332,ReagentE-9-343,1.0,09/29/2020,ReagentF-4-825,18.6,2.962506514734,411.0,91.02451057504,LIN,ChemistN
1696902,10/09/2017,4.4,ReagentA-152-630,10/31/2017,,,MaterialA-76-572,,ReagentD-156-332,ReagentE-9-343,1.0,09/29/2020,ReagentF-4-825,18.6,2.9875547246039997,411.0,90.96684466239999,LIN,ChemistN
1701059,10/19/2017,4.4,ReagentA-158-887,11/02/2017,,,MaterialA-74-155,,ReagentD-153-373,ReagentE-9-343,1.0,09/29/2020,ReagentF-4-825,18.6,2.965660852596,43.0,91.69062647108,Stat,ChemistE
1702116,10/24/2017,4.4,ReagentA-152-630,10/31/2017,,,MaterialA-75-756,,ReagentD-156-332,ReagentE-9-343,1.0,09/29/2020,ReagentF-4-825,18.6,2.8744077613980004,411.0,91.47539122511999,LIN,ChemistN
1702251,10/24/2017,4.4,ReagentA-158-887,11/02/2017,,,MaterialA-74-155,,ReagentD-153-373,ReagentE-9-343,1.0,09/29/2020,ReagentF-4-825,18.6,2.96621660949,43.0,91.65267940598001,Stat,ChemistE
1703565,10/25/2017,4.4,ReagentA-158-887,11/02/2017,,,MaterialA-74-155,,ReagentD-153-373,ReagentE-9-343,1.0,09/29/2020,ReagentF-4-825,18.6,3.0034624070460003,43.0,91.5657670956,Stat,ChemistE
1707333,11/07/2017,4.4,ReagentA-159-21,01/12/2017,,,MaterialA-67-599,,ReagentD-157-163,ReagentE-9-343,1.0,09/29/2020,ReagentF-4-825,18.6,2.937626370876,187.0,91.56341820318,LIN,ChemistN
1708867,11/08/2017,4.4,ReagentA-160-326,02/08/2018,,,MaterialA-74-155,,ReagentD-153-373,ReagentE-9-343,1.0,09/29/2020,ReagentF-4-825,18.6,2.9367456753359997,43.0,91.65892940890001,Stat,ChemistE
1709087,11/09/2017,4.4,ReagentA-160-326,02/08/2018,,,MaterialA-74-155,,ReagentD-153-373,ReagentE-9-343,1.0,09/29/2020,ReagentF-4-825,18.6,2.884296924864,43.0,91.7043089116,Stat,ChemistE
1717247,11/30/2017,4.4,ReagentA-160-326,02/08/2018,,,MaterialA-74-155,,ReagentD-158-617,ReagentE-9-343,1.0,09/29/2020,ReagentF-4-825,18.6,3.047693459586,43.0,91.4352495931,Stat,ChemistB
1717598,12/05/2017,4.4,ReagentA-161-898,02/06/2018,,,MaterialA-77-68,,ReagentD-159-867,ReagentE-9-343,1.0,09/29/2020,ReagentF-4-825,18.6,,187.0,,LIN,ChemistN
1718026,12/05/2017,4.4,ReagentA-162-847,03/05/2018,,,MaterialA-74-155,,ReagentD-160-18,ReagentE-9-343,1.0,09/29/2020,ReagentF-4-825,18.6,2.943283459686,43.0,91.60816459451999,Stat,ChemistE
1719553,12/07/2017,4.4,ReagentA-162-847,03/05/2018,,,MaterialA-74-155,,ReagentD-160-18,ReagentE-9-343,1.0,09/29/2020,ReagentF-4-825,18.6,3.0183707247,43.0,91.49779837534,Stat,ChemistE
1720454,12/12/2017,4.4,ReagentA-161-898,02/06/2018,,,MaterialA-78-578,,ReagentD-159-867,ReagentE-9-343,1.0,09/29/2020,ReagentF-4-825,18.6,2.9299629149340003,187.0,91.53582973906,LIN,ChemistN
1722340,12/15/2017,4.4,ReagentA-156-922,12/19/2017,,,MaterialA-61-600,,ReagentD-158-617,ReagentE-9-343,1.0,09/29/2020,ReagentF-4-825,18.6,3.004985884554,44.0,91.63680172528,Stat,ChemistB
1732464,01/05/2018,4.4,ReagentA-161-898,02/06/2018,,,MaterialA-79-766,,ReagentD-159-867,ReagentE-9-343,1.0,09/29/2020,ReagentF-4-825,18.6,2.9615510790000004,187.0,91.59243042893999,LIN,ChemistN
1735151,01/10/2018,4.300000000000001,ReagentA-163-420,04/03/2018,,,MaterialA-55-424,,ReagentD-161-502,ReagentE-9-343,1.0,09/29/2020,ReagentF-4-825,18.6,2.959715216802,31.0,91.63483588252,Stat,ChemistL
1735153,01/10/2018,4.1000000000000005,ReagentA-162-847,03/04/2018,,,MaterialA-52-900,,ReagentD-162-628,ReagentE-9-343,1.0,09/29/2020,ReagentF-4-825,18.6,3.029026069836,32.0,91.493169705,Stat,ChemistT
1735302,01/11/2018,4.300000000000001,ReagentA-163-420,04/03/2018,,,MaterialA-55-424,,ReagentD-161-502,ReagentE-9-343,1.0,09/29/2020,ReagentF-4-825,18.6,2.945862706044,31.0,91.6257178508,Stat,ChemistL
1736058,01/25/2018,4.300000000000001,ReagentA-163-420,04/03/2018,,,MaterialA-61-600,,ReagentD-162-628,ReagentE-9-343,1.0,09/29/2020,ReagentF-4-825,18.6,2.8752895566000003,32.0,91.62914743136001,Stat,ChemistU
1743928,02/01/2018,4.300000000000001,ReagentA-162-847,03/04/2018,,,MaterialA-55-424,,ReagentD-161-502,ReagentE-9-343,1.0,09/29/2020,ReagentF-4-825,18.6,2.982058016514,31.0,91.6216009394,Stat,ChemistL
1744163,02/02/2018,4.300000000000001,ReagentA-164-765,05/02/2018,,,MaterialA-55-424,,ReagentD-161-502,ReagentE-9-343,1.0,09/29/2020,ReagentF-4-825,18.6,2.867081413518,31.0,91.66324005748,Stat,ChemistB
1744909,02/06/2018,4.300000000000001,ReagentA-164-765,05/02/2018,,,MaterialA-53-266,,ReagentD-161-502,ReagentE-9-343,1.0,09/29/2020,ReagentF-4-825,18.6,2.947432403016,31.0,91.67425182454,Stat,ChemistE
1750428,02/19/2018,4.4,ReagentA-165-919,05/16/2018,,,MaterialA-79-766,,ReagentD-163-723,ReagentE-9-343,1.0,09/29/2020,ReagentF-4-825,18.6,2.9761273738020004,409.0,91.29548731058,LIN,ChemistS
1751971,02/21/2018,4.300000000000001,ReagentA-166-998,05/16/2018,,,MaterialA-53-266,,ReagentD-164-795,ReagentE-9-343,1.0,09/29/2020,ReagentF-4-825,18.6,3.0113515070820003,31.0,91.55910228416,Stat,ChemistE
1754560,02/28/2018,4.300000000000001,ReagentA-166-998,05/16/2018,,,MaterialA-80-231,,ReagentD-164-795,ReagentE-9-343,1.0,09/29/2020,ReagentF-4-825,18.6,2.9877405107700006,32.0,91.57143424744,Stat,ChemistU
1754743,03/02/2018,4.4,ReagentA-165-919,05/16/2018,,,MaterialA-79-766,,ReagentD-163-723,ReagentE-9-343,1.0,09/29/2020,ReagentF-4-825,18.6,2.970502283004,409.0,91.50080590028,LIN,ChemistS
1759498,03/15/2018,4.4,ReagentA-167-298,06/09/2018,,,MaterialA-79-766,,ReagentD-165-465,ReagentE-9-343,1.0,09/29/2020,ReagentF-4-825,18.6,2.997870687588,409.0,91.18914643846,LIN,ChemistS
1759653,03/15/2018,4.4,ReagentA-166-998,05/16/2018,,,MaterialA-53-266,,ReagentD-166-558,ReagentE-9-343,1.0,09/29/2020,ReagentF-4-825,18.6,2.994032925756,43.0,91.5809500396,Stat,ChemistU
1761382,03/21/2018,4.4,ReagentA-168-996,06/21/2018,,,MaterialA-53-266,,ReagentD-166-558,ReagentE-9-343,1.0,09/29/2020,ReagentF-4-825,18.6,2.965081310016,44.0,91.59569143773999,Stat,ChemistU
1764125,03/30/2018,4.4,ReagentA-168-996,06/21/2018,,,MaterialA-52-900,,ReagentD-167-488,ReagentE-9-343,1.0,09/29/2020,ReagentF-4-825,18.6,2.8974745333440004,44.0,91.79162383831999,Stat,ChemistB
1766174,04/04/2018,4.4,ReagentA-169-394,07/03/2018,,,MaterialA-81-606,,ReagentD-168-132,ReagentE-9-343,1.0,09/29/2020,ReagentF-4-825,18.6,2.9536467262920003,21.0,91.61554757740001,LIN,ChemistN
1767578,04/09/2018,4.4,ReagentA-169-394,07/03/2018,,,MaterialA-81-606,,ReagentD-168-132,ReagentE-9-343,1.0,09/29/2020,ReagentF-4-825,18.6,2.990238875106,21.0,91.56579257168,LIN,ChemistR
1769057,04/12/2018,4.4,ReagentA-170-914,05/16/2018,,,MaterialA-52-900,,ReagentD-167-488,ReagentE-9-343,1.0,09/29/2020,ReagentF-4-825,18.6,2.943095286108,43.0,91.74347776622,Stat,ChemistU
1769104,04/12/2018,4.4,ReagentA-170-914,05/16/2018,,,MaterialA-52-900,,ReagentD-167-488,ReagentE-9-343,1.0,09/29/2020,ReagentF-4-825,18.6,2.98921458366,43.0,91.64502104506,Stat,ChemistE
1770308,04/17/2018,4.4,ReagentA-171-479,07/16/2018,,,MaterialA-52-900,,ReagentD-169-25,ReagentE-9-343,1.0,09/29/2020,ReagentF-4-825,18.6,2.9388320248500004,37.0,91.60246816518001,Stat,ChemistT
1771957,04/24/2018,4.4,ReagentA-169-394,07/03/2018,,,MaterialA-81-606,,ReagentD-170-29,ReagentE-9-343,1.0,09/29/2020,ReagentF-4-825,18.6,2.9795252834820003,187.0,91.56046705274,LIN,ChemistN
1774877,04/30/2018,4.300000000000001,ReagentA-171-479,07/16/2018,,,MaterialA-61-600,,ReagentD-171-482,ReagentE-9-343,1.0,09/29/2020,ReagentF-4-825,18.6,2.9844244526219996,31.0,91.61711411426,Stat,ChemistE
1775267,05/01/2018,4.4,ReagentA-171-479,07/16/2018,,,MaterialA-52-900,,ReagentD-167-488,ReagentE-9-343,1.0,09/29/2020,ReagentF-4-825,18.6,3.017973415524,39.0,91.5341767662,Stat,ChemistT
1776408,05/02/2018,4.4,ReagentA-169-394,07/03/2018,,,MaterialA-81-606,,ReagentD-172-19,ReagentE-9-343,1.0,09/29/2020,ReagentF-4-825,18.6,2.964887959326,187.0,91.56481361538,LIN,ChemistN
1776770,05/03/2018,4.4,ReagentA-172-381,08/02/2018,,,MaterialA-52-900,,ReagentD-167-488,ReagentE-9-343,1.0,09/29/2020,ReagentF-4-825,18.6,2.906311828236,39.0,91.6429528021,Stat,ChemistT
1779207,05/10/2018,4.4,ReagentA-172-381,08/02/2018,,,MaterialA-52-900,,ReagentD-171-482,ReagentE-9-343,1.0,09/29/2020,ReagentF-4-825,18.6,2.9937047876759997,31.0,91.52220042532,Stat,ChemistT
1781594,05/16/2018,4.300000000000001,ReagentA-172-381,08/02/2018,,,MaterialA-52-900,,ReagentD-171-482,ReagentE-9-343,1.0,09/29/2020,ReagentF-4-825,18.6,2.954668420002,31.0,91.52155648986,Stat,ChemistU
1784742,05/23/2018,4.4,ReagentA-173-157,08/18/2018,,,MaterialA-71-861,,ReagentD-171-482,ReagentE-9-343,1.0,09/29/2020,ReagentF-4-825,18.6,3.086756438448,31.0,91.64367519243999,Stat,ChemistT
1787621,01.JUN.18,4.4,ReagentA-169-394,07/03/2018,,,MaterialA-81-606,,ReagentD-173-186,ReagentE-9-343,1.0,09/29/2020,ReagentF-4-825,18.6,2.9719220435460003,13.0,91.47846085658,LIN,ChemistS
1788831,06/05/2018,,ReagentA-173-157,08/18/2018,,,MaterialA-71-861,,ReagentD-171-482,ReagentE-9-343,1.0,09/29/2020,ReagentF-4-825,18.6,3.058341336996,31.0,91.68458395376001,Stat,ChemistE
1790804,06/11/2018,4.300000000000001,ReagentA-173-157,08/18/2018,,,MaterialA-71-861,,ReagentD-174-714,ReagentE-9-343,1.0,09/29/2020,ReagentF-4-825,18.6,3.0617277998279997,31.0,91.66762443146001,Stat,ChemistE
1792757,06/18/2018,4.6000000000000005,ReagentA-174-716,07/16/2018,,,MaterialA-52-900,,ReagentD-171-482,ReagentE-9-343,1.0,09/29/2020,ReagentF-4-825,18.6,2.99059460898,32.0,91.52565573578,Stat,ChemistT
1795529,06/26/2018,4.4,ReagentA-175-757,09/25/2018,,,MaterialA-52-900,,ReagentD-171-482,ReagentE-9-343,1.0,09/29/2020,ReagentF-4-825,18.6,2.868163950636,43.0,91.5780320847,Stat,ChemistU
1797576,07/02/2018,4.6000000000000005,ReagentA-176-153,10/02/2018,,,MaterialA-71-861,,ReagentD-175-967,ReagentE-9-343,1.0,09/29/2020,ReagentF-4-825,18.6,2.938552222428,32.0,91.76861153026,Stat,ChemistT
1799143,07/05/2018,4.6000000000000005,ReagentA-176-153,10/02/2018,,,MaterialA-71-861,,ReagentD-175-967,ReagentE-9-343,1.0,09/29/2020,ReagentF-4-825,18.6,3.0205227324300004,32.0,91.66812137084,Stat,ChemistT
1799606,07/11/2018,4.4,ReagentA-177-652,10/06/2018,,,MaterialA-82-108,,ReagentD-176-839,ReagentE-9-343,1.0,09/29/2020,ReagentF-4-825,18.6,3.0684117554820007,186.0,91.3770169592,LIN,ChemistN
1801753,07/16/2018,4.6000000000000005,ReagentA-176-153,10/02/2018,,,MaterialA-71-861,,ReagentD-174-714,ReagentE-9-343,1.0,09/29/2020,ReagentF-4-825,18.6,3.10218051339,31.0,91.51788827146001,Stat,ChemistT
1804911,07/25/2018,4.6000000000000005,ReagentA-178-644,09/25/2018,,,MaterialA-61-600,,ReagentD-177-560,ReagentE-9-343,1.0,09/29/2020,ReagentF-4-825,18.6,2.975901930036,31.0,91.64292467218,Stat,ChemistT
1806848,08/02/2018,4.300000000000001,ReagentA-179-267,09/25/2018,,,MaterialA-71-861,,ReagentD-177-560,ReagentE-9-343,1.0,09/29/2020,ReagentF-4-825,18.6,3.065602821954,31.0,91.57697086523999,Stat,ChemistT
1818386,09/20/2018,4.4,ReagentA-180-571,12/13/2018,,,MaterialA-82-108,,ReagentD-178-80,ReagentE-9-343,1.0,09/29/2020,ReagentF-4-825,18.6,3.0004307298960002,187.0,91.58197502748,LIN,ChemistN
1823490,10/04/2018,4.4,ReagentA-180-571,12/13/2018,,,MaterialA-82-108,,ReagentD-179-694,ReagentE-9-343,1.0,09/29/2020,ReagentF-4-825,18.6,3.049857011166,21.0,91.5312995499,LIN,ChemistN
1825941,10/15/2018,4.4,ReagentA-181-487,01/15/2019,,,MaterialA-82-108,,ReagentD-180-625,ReagentE-9-343,1.0,09/29/2020,ReagentF-4-825,18.6,3.018981925224,21.0,91.46971546986,LIN,ChemistN
1829028,10/30/2018,4.4,ReagentA-181-487,01/15/2019,,,MaterialA-83-18,,ReagentD-181-313,ReagentE-9-343,1.0,09/29/2020,ReagentF-4-825,18.6,2.938635357324,21.0,91.72418976783999,LIN,ChemistN
1830605,11/07/2018,4.4,ReagentA-181-487,01/15/2019,,,MaterialA-83-18,,ReagentD-181-313,ReagentE-9-343,1.0,09/29/2020,ReagentF-4-825,18.6,2.96875669764,21.0,91.69970523616001,LIN,ChemistN
1837839,12/06/2018,4.4,ReagentA-181-487,01/15/2019,,,MaterialA-83-18,,ReagentD-182-140,ReagentE-9-343,1.0,09/29/2020,ReagentF-4-825,18.6,3.0018942936240003,13.0,91.52603634622,LIN,ChemistN
1841287,12/19/2018,4.4,ReagentA-182-252,03/14/2019,,,MaterialA-83-18,,ReagentD-183-365,ReagentE-9-343,1.0,09/29/2020,ReagentF-4-825,18.6,2.95813451352,21.0,91.57492821988001,LIN,ChemistR
1844457,01/08/2019,4.4,ReagentA-182-252,03/14/2019,,,MaterialA-83-18,,ReagentD-184-789,ReagentE-9-343,1.0,09/29/2020,ReagentF-4-825,18.6,2.973383001582,21.0,91.20689902968,LIN,ChemistN
1850672,01/30/2019,4.4,ReagentA-183-626,04/30/2019,,,MaterialA-83-18,,ReagentD-184-789,ReagentE-9-343,1.0,09/29/2020,ReagentF-4-825,18.6,2.97787147374,21.0,91.48197031694,LIN,ChemistN
1854306,02/12/2019,4.4,ReagentA-183-626,04/30/2019,,,MaterialA-84-654,,ReagentD-185-830,ReagentE-9-343,1.0,09/29/2020,ReagentF-4-825,18.6,2.976723757602,187.0,91.45504640846,LIN,ChemistN
